Timestamp,Strategy,Ticker,Live_Price,Buy_Floor,Exit_Ceiling,Move_Pct,Zone_Start,Zone_End
2026-07-02 02:42:10,V20_Range_Breakout,LT.NS,4092.6,3928.9,4829.27,22.50%,2026-01-01,2026-01-15
2026-07-02 02:42:10,V20_Range_Breakout,RELIANCE.NS,1308.0,1255.68,1543.44,22.50%,2026-01-01,2026-01-15
2026-07-02 02:42:10,V20_Range_Breakout,SBIN.NS,1047.4,1005.5,1235.93,22.50%,2026-01-01,2026-01-15
2026-07-02 02:42:10,V20_Range_Breakout,HDFCBANK.NS,796.15,764.3,939.46,22.50%,2026-01-01,2026-01-15
2026-07-02 02:42:10,V20_Range_Breakout,ICICIBANK.NS,1379.8,1324.61,1628.16,22.50%,2026-01-01,2026-01-15
2026-07-02 02:42:10,V20_Range_Breakout,AXISBANK.NS,1368.7,1313.95,1615.07,22.50%,2026-01-01,2026-01-15
2026-07-02 02:42:10,V20_Range_Breakout,KOTAKBANK.NS,400.45,384.43,472.53,22.50%,2026-01-01,2026-01-15
2026-07-02 02:42:10,V20_Range_Breakout,HCLTECH.NS,1034.2,992.83,1220.36,22.50%,2026-01-01,2026-01-15
2026-07-02 02:42:10,V20_Range_Breakout,INFY.NS,985.3,945.89,1162.65,22.50%,2026-01-01,2026-01-15
2026-07-02 02:42:10,V20_Range_Breakout,TCS.NS,1982.6,1903.3,2339.47,22.50%,2026-01-01,2026-01-15
2026-07-02 02:42:10,V20_Range_Breakout,HDFCAMC.NS,2745.8,2635.97,3240.04,22.50%,2026-01-01,2026-01-15
2026-07-02 02:42:10,V20_Range_Breakout,NAM-INDIA.NS,1196.4,304.5,369.14,21.23%,2023-10-09,2023-10-13
2026-07-02 02:42:10,V20_Range_Breakout,HDFCLIFE.NS,569.95,547.15,672.54,22.50%,2026-01-01,2026-01-15
2026-07-02 02:42:10,V20_Range_Breakout,ICICIPRULI.NS,492.95,473.23,581.68,22.50%,2026-01-01,2026-01-15
2026-07-02 02:42:10,V20_Range_Breakout,ICICIGI.NS,1757.6,1687.3,2073.97,22.50%,2026-01-01,2026-01-15
2026-07-02 02:42:10,V20_Range_Breakout,BAJAJFINSV.NS,1797.6,1725.7,2121.17,22.50%,2026-01-01,2026-01-15
2026-07-02 02:42:10,V20_Range_Breakout,BAJFINANCE.NS,1014.9,974.3,1197.58,22.50%,2026-01-01,2026-01-15
2026-07-02 02:42:10,V20_Range_Breakout,BAJAJ-AUTO.NS,9842.0,9448.32,11613.56,22.50%,2026-01-01,2026-01-15
2026-07-02 02:42:10,V20_Range_Breakout,MARUTI.NS,14395.0,13819.2,16986.1,22.50%,2026-01-01,2026-01-15
2026-07-02 02:42:10,V20_Range_Breakout,HINDUNILVR.NS,2182.0,2094.72,2574.76,22.50%,2026-01-01,2026-01-15
2026-07-02 02:42:10,V20_Range_Breakout,NESTLEIND.NS,1453.8,1395.65,1715.48,22.50%,2026-01-01,2026-01-15
2026-07-02 02:42:10,V20_Range_Breakout,PGHH.NS,8958.5,8600.16,10571.03,22.50%,2026-01-01,2026-01-15
2026-07-02 02:42:10,V20_Range_Breakout,PIDILITIND.NS,1581.9,1518.62,1866.64,22.50%,2026-01-01,2026-01-15
2026-07-02 02:42:10,V20_Range_Breakout,COLPAL.NS,2071.9,1989.02,2444.84,22.50%,2026-01-01,2026-01-15
2026-07-02 02:42:10,V20_Range_Breakout,DABUR.NS,444.75,426.96,524.8,22.50%,2026-01-01,2026-01-15
2026-07-02 02:42:10,V20_Range_Breakout,GILLETTE.NS,7649.5,7265.28,8796.35,21.07%,2025-02-18,2025-02-20
2026-07-02 02:42:10,V20_Range_Breakout,MARICO.NS,851.0,816.96,1004.18,22.50%,2026-01-01,2026-01-15
2026-07-02 02:42:10,V20_Range_Breakout,ITC.NS,290.3,278.69,342.55,22.50%,2026-01-01,2026-01-15
2026-07-02 02:42:10,V20_Range_Breakout,TITAN.NS,4398.6,4222.66,5190.35,22.50%,2026-01-01,2026-01-15
2026-07-02 02:42:10,V20_Range_Breakout,PAGEIND.NS,43610.0,41865.6,51459.8,22.50%,2026-01-01,2026-01-15
2026-07-02 02:42:10,V20_Range_Breakout,BATAINDIA.NS,682.1,654.82,804.88,22.50%,2026-01-01,2026-01-15
2026-07-02 02:42:10,V20_Range_Breakout,HAVELLS.NS,1188.8,1373.11,1654.06,20.46%,2025-04-07,2025-04-22
2026-07-02 02:42:10,V20_Range_Breakout,VOLTAS.NS,1281.1,1125.16,1394.41,23.93%,2025-02-01,2025-02-03
2026-07-02 02:42:10,V20_Range_Breakout,GLAXO.NS,2464.7,1894.45,2642.36,39.48%,2025-02-14,2025-02-20
2026-07-02 02:42:10,V20_Range_Breakout,ABBOTINDIA.NS,25550.0,24528.0,30149.0,22.50%,2026-01-01,2026-01-15
2026-07-02 02:42:10,V20_Range_Breakout,PFIZER.NS,4473.6,4280.78,5692.32,32.97%,2025-05-19,2025-06-05
2026-07-02 02:42:10,V20_Range_Breakout,SANOFI.NS,3460.4,5620.1,10037.9,78.61%,2024-06-07,2024-06-13
2026-07-02 02:42:10,V20_Range_Breakout,ASIANPAINT.NS,2716.4,2607.74,3205.35,22.50%,2026-01-01,2026-01-15
2026-07-02 02:42:10,V20_Range_Breakout,CDSL.NS,1332.4,1279.1,1572.23,22.50%,2026-01-01,2026-01-15
2026-07-02 02:42:10,V20_Range_Breakout,BSE.NS,3944.1,2391.0,2918.0,22.04%,2025-05-29,2025-06-05
2026-07-02 02:42:10,V20_Range_Breakout,JIOFIN.NS,240.01,271.48,346.46,27.62%,2024-02-19,2024-02-23
2026-07-02 02:42:10,V20_Range_Breakout,ANGELONE.NS,340.4,228.45,284.2,24.40%,2026-04-01,2026-04-09
2026-07-02 02:42:10,V20_Range_Breakout,CAMS.NS,792.2,874.48,1049.83,20.05%,2024-11-25,2024-12-05
2026-07-02 02:42:10,V20_Range_Breakout,MCX.NS,2962.0,903.55,1187.07,31.38%,2025-04-07,2025-04-21
2026-07-02 02:42:10,V20_Range_Breakout,ULTRACEMCO.NS,11456.0,10997.76,13518.08,22.50%,2026-01-01,2026-01-15
2026-07-02 02:42:10,V20_Range_Breakout,ACC.NS,1332.2,1278.91,1572.0,22.50%,2026-01-01,2026-01-15
2026-07-02 02:42:10,V20_Range_Breakout,TEAMLEASE.NS,1450.4,2854.65,3478.0,21.84%,2024-07-23,2024-07-29
2026-07-02 02:42:10,V20_Range_Breakout,QUESS.NS,273.4,256.73,582.7,126.97%,2025-04-11,2025-04-15
2026-07-02 02:42:10,V20_Range_Breakout,ASTRAZEN.NS,8176.5,7793.36,9998.82,28.30%,2025-05-29,2025-06-05
2026-07-02 02:42:10,V20_Range_Breakout,CIPLA.NS,1456.7,1398.43,1718.91,22.50%,2026-01-01,2026-01-15
2026-07-02 02:42:10,V20_Range_Breakout,ERIS.NS,1446.4,1091.34,1389.64,27.33%,2025-04-07,2025-04-11
2026-07-02 02:42:10,V20_Range_Breakout,LALPATHLAB.NS,1623.1,1558.18,1915.26,22.50%,2026-01-01,2026-01-15
2026-07-02 02:42:10,V20_Range_Breakout,APOLLOHOSP.NS,8618.5,8273.76,10169.83,22.50%,2026-01-01,2026-01-15
2026-07-02 02:42:10,V20_Range_Breakout,MEDANTA.NS,1328.0,1009.64,1259.55,24.75%,2025-04-07,2025-04-08
2026-07-02 02:42:10,V20_Range_Breakout,FORTIS.NS,949.05,911.09,1119.88,22.50%,2026-01-01,2026-01-15
2026-07-02 02:42:10,V20_Range_Breakout,ADANIPORTS.NS,1848.2,1774.27,2180.88,22.50%,2026-01-01,2026-01-15
2026-07-02 02:42:10,V20_Range_Breakout,JSWINFRA.NS,330.45,317.23,389.93,22.50%,2026-01-01,2026-01-15
2026-07-02 02:42:10,V20_Range_Breakout,AWL.NS,184.2,176.83,217.36,22.50%,2026-01-01,2026-01-15
2026-07-02 02:42:10,V20_Range_Breakout,GODREJCP.NS,1043.6,1001.86,1231.45,22.50%,2026-01-01,2026-01-15
2026-07-02 02:42:10,V20_Range_Breakout,DIXON.NS,11956.0,12749.33,16820.51,31.93%,2025-04-09,2025-04-22
2026-07-02 02:42:10,V20_Range_Breakout,KAJARIACER.NS,1203.6,945.5,1178.0,24.59%,2026-04-01,2026-04-15
2026-07-02 02:42:10,V20_Range_Breakout,HONAUT.NS,39655.0,28540.0,36550.0,28.07%,2026-05-19,2026-05-22
2026-07-02 02:42:10,V20_Range_Breakout,DMART.NS,4328.6,3685.1,4562.6,23.81%,2026-03-24,2026-04-06
2026-07-02 02:42:10,V20_Range_Breakout,RELAXO.NS,410.0,393.6,483.8,22.50%,2026-01-01,2026-01-15
2026-07-02 02:42:10,V20_Range_Breakout,BLUESTARCO.NS,1606.4,1581.5,1921.0,21.47%,2026-04-08,2026-04-20
2026-07-02 02:42:10,V20_Range_Breakout,BOSCHLTD.NS,40785.0,29120.0,37670.0,29.36%,2026-04-01,2026-04-10
2026-07-02 02:42:10,V20_Range_Breakout,EICHERMOT.NS,7139.0,6853.44,8424.02,22.50%,2026-01-01,2026-01-15
2026-07-02 02:42:10,V20_Range_Breakout,MRF.NS,129430.0,124252.8,152727.4,22.50%,2026-01-01,2026-01-15
2026-07-02 02:42:10,V20_Range_Breakout,M&M.NS,3097.0,2973.12,3654.46,22.50%,2026-01-01,2026-01-15
2026-07-02 02:42:10,V20_Range_Breakout,HYUNDAI.NS,1918.3,1841.57,2263.59,22.50%,2026-01-01,2026-01-15
2026-07-02 02:42:10,V20_Range_Breakout,INDHOTEL.NS,718.75,690.0,848.12,22.50%,2026-01-01,2026-01-15
2026-07-02 02:42:10,V20_Range_Breakout,UNITDSPR.NS,1352.4,1298.3,1595.83,22.50%,2026-01-01,2026-01-15
2026-07-02 02:42:10,V20_Range_Breakout,RADICO.NS,3952.6,2710.0,3365.0,24.17%,2026-04-10,2026-04-20
2026-07-02 02:42:10,V20_Range_Breakout,UBL.NS,1359.3,1304.93,1603.97,22.50%,2026-01-01,2026-01-15
2026-07-02 02:42:10,V20_Range_Breakout,VBL.NS,515.7,394.43,474.75,20.36%,2026-04-07,2026-04-17
2026-07-02 02:58:34,V20_Range_Breakout,LT.NS,4092.6,3928.9,4829.27,22.50%,2026-01-01,2026-01-15
2026-07-02 02:58:34,V20_Range_Breakout,RELIANCE.NS,1308.0,1255.68,1543.44,22.50%,2026-01-01,2026-01-15
2026-07-02 02:58:34,V20_Range_Breakout,SBIN.NS,1047.4,1005.5,1235.93,22.50%,2026-01-01,2026-01-15
2026-07-02 02:58:34,V20_Range_Breakout,HDFCBANK.NS,796.15,764.3,939.46,22.50%,2026-01-01,2026-01-15
2026-07-02 02:58:34,V20_Range_Breakout,ICICIBANK.NS,1379.8,1324.61,1628.16,22.50%,2026-01-01,2026-01-15
2026-07-02 02:58:34,V20_Range_Breakout,AXISBANK.NS,1368.7,1313.95,1615.07,22.50%,2026-01-01,2026-01-15
2026-07-02 02:58:34,V20_Range_Breakout,KOTAKBANK.NS,400.45,384.43,472.53,22.50%,2026-01-01,2026-01-15
2026-07-02 02:58:34,V20_Range_Breakout,HCLTECH.NS,1034.2,992.83,1220.36,22.50%,2026-01-01,2026-01-15
2026-07-02 02:58:34,V20_Range_Breakout,INFY.NS,985.3,945.89,1162.65,22.50%,2026-01-01,2026-01-15
2026-07-02 02:58:34,V20_Range_Breakout,TCS.NS,1982.6,1903.3,2339.47,22.50%,2026-01-01,2026-01-15
2026-07-02 02:58:34,V20_Range_Breakout,HDFCAMC.NS,2745.8,2635.97,3240.04,22.50%,2026-01-01,2026-01-15
2026-07-02 02:58:34,V20_Range_Breakout,NAM-INDIA.NS,1196.4,304.5,369.14,21.23%,2023-10-09,2023-10-13
2026-07-02 02:58:34,V20_Range_Breakout,HDFCLIFE.NS,569.95,547.15,672.54,22.50%,2026-01-01,2026-01-15
2026-07-02 02:58:34,V20_Range_Breakout,ICICIPRULI.NS,492.95,473.23,581.68,22.50%,2026-01-01,2026-01-15
2026-07-02 02:58:34,V20_Range_Breakout,ICICIGI.NS,1757.6,1687.3,2073.97,22.50%,2026-01-01,2026-01-15
2026-07-02 02:58:34,V20_Range_Breakout,BAJAJFINSV.NS,1797.6,1725.7,2121.17,22.50%,2026-01-01,2026-01-15
2026-07-02 02:58:34,V20_Range_Breakout,BAJFINANCE.NS,1014.9,974.3,1197.58,22.50%,2026-01-01,2026-01-15
2026-07-02 02:58:34,V20_Range_Breakout,BAJAJ-AUTO.NS,9842.0,9448.32,11613.56,22.50%,2026-01-01,2026-01-15
2026-07-02 02:58:34,V20_Range_Breakout,MARUTI.NS,14395.0,13819.2,16986.1,22.50%,2026-01-01,2026-01-15
2026-07-02 02:58:34,V20_Range_Breakout,HINDUNILVR.NS,2182.0,2094.72,2574.76,22.50%,2026-01-01,2026-01-15
2026-07-02 02:58:34,V20_Range_Breakout,NESTLEIND.NS,1453.8,1395.65,1715.48,22.50%,2026-01-01,2026-01-15
2026-07-02 02:58:34,V20_Range_Breakout,PGHH.NS,8958.5,8600.16,10571.03,22.50%,2026-01-01,2026-01-15
2026-07-02 02:58:34,V20_Range_Breakout,PIDILITIND.NS,1581.9,1518.62,1866.64,22.50%,2026-01-01,2026-01-15
2026-07-02 02:58:34,V20_Range_Breakout,COLPAL.NS,2071.9,1989.02,2444.84,22.50%,2026-01-01,2026-01-15
2026-07-02 02:58:34,V20_Range_Breakout,DABUR.NS,444.75,426.96,524.8,22.50%,2026-01-01,2026-01-15
2026-07-02 02:58:34,V20_Range_Breakout,GILLETTE.NS,7649.5,7265.28,8796.35,21.07%,2025-02-18,2025-02-20
2026-07-02 02:58:34,V20_Range_Breakout,MARICO.NS,851.0,816.96,1004.18,22.50%,2026-01-01,2026-01-15
2026-07-02 02:58:34,V20_Range_Breakout,ITC.NS,290.3,278.69,342.55,22.50%,2026-01-01,2026-01-15
2026-07-02 02:58:34,V20_Range_Breakout,TITAN.NS,4398.6,4222.66,5190.35,22.50%,2026-01-01,2026-01-15
2026-07-02 02:58:34,V20_Range_Breakout,PAGEIND.NS,43610.0,41865.6,51459.8,22.50%,2026-01-01,2026-01-15
2026-07-02 02:58:34,V20_Range_Breakout,BATAINDIA.NS,682.1,654.82,804.88,22.50%,2026-01-01,2026-01-15
2026-07-02 02:58:34,V20_Range_Breakout,HAVELLS.NS,1188.8,1373.11,1654.06,20.46%,2025-04-07,2025-04-22
2026-07-02 02:58:34,V20_Range_Breakout,VOLTAS.NS,1281.1,1125.16,1394.41,23.93%,2025-02-01,2025-02-03
2026-07-02 02:58:34,V20_Range_Breakout,GLAXO.NS,2464.7,1894.45,2642.36,39.48%,2025-02-14,2025-02-20
2026-07-02 02:58:34,V20_Range_Breakout,ABBOTINDIA.NS,25550.0,24528.0,30149.0,22.50%,2026-01-01,2026-01-15
2026-07-02 02:58:34,V20_Range_Breakout,PFIZER.NS,4473.6,4280.78,5692.32,32.97%,2025-05-19,2025-06-05
2026-07-02 02:58:34,V20_Range_Breakout,SANOFI.NS,3460.4,5620.1,10037.9,78.61%,2024-06-07,2024-06-13
2026-07-02 02:58:34,V20_Range_Breakout,ASIANPAINT.NS,2716.4,2607.74,3205.35,22.50%,2026-01-01,2026-01-15
2026-07-02 02:58:34,V20_Range_Breakout,CDSL.NS,1332.4,1279.1,1572.23,22.50%,2026-01-01,2026-01-15
2026-07-02 02:58:34,V20_Range_Breakout,BSE.NS,3944.1,2391.0,2918.0,22.04%,2025-05-29,2025-06-05
2026-07-02 02:58:34,V20_Range_Breakout,JIOFIN.NS,240.01,271.48,346.46,27.62%,2024-02-19,2024-02-23
2026-07-02 02:58:34,V20_Range_Breakout,ANGELONE.NS,340.4,228.45,284.2,24.40%,2026-04-01,2026-04-09
2026-07-02 02:58:34,V20_Range_Breakout,CAMS.NS,792.2,874.48,1049.83,20.05%,2024-11-25,2024-12-05
2026-07-02 02:58:34,V20_Range_Breakout,MCX.NS,2962.0,903.55,1187.07,31.38%,2025-04-07,2025-04-21
2026-07-02 02:58:34,V20_Range_Breakout,ULTRACEMCO.NS,11456.0,10997.76,13518.08,22.50%,2026-01-01,2026-01-15
2026-07-02 02:58:34,V20_Range_Breakout,ACC.NS,1332.2,1278.91,1572.0,22.50%,2026-01-01,2026-01-15
2026-07-02 02:58:34,V20_Range_Breakout,TEAMLEASE.NS,1450.4,2854.65,3478.0,21.84%,2024-07-23,2024-07-29
2026-07-02 02:58:34,V20_Range_Breakout,QUESS.NS,273.4,256.73,582.7,126.97%,2025-04-11,2025-04-15
2026-07-02 02:58:34,V20_Range_Breakout,ASTRAZEN.NS,8176.5,7793.36,9998.82,28.30%,2025-05-29,2025-06-05
2026-07-02 02:58:34,V20_Range_Breakout,CIPLA.NS,1456.7,1398.43,1718.91,22.50%,2026-01-01,2026-01-15
2026-07-02 02:58:34,V20_Range_Breakout,ERIS.NS,1446.4,1091.34,1389.64,27.33%,2025-04-07,2025-04-11
2026-07-02 02:58:34,V20_Range_Breakout,LALPATHLAB.NS,1623.1,1558.18,1915.26,22.50%,2026-01-01,2026-01-15
2026-07-02 02:58:34,V20_Range_Breakout,APOLLOHOSP.NS,8618.5,8273.76,10169.83,22.50%,2026-01-01,2026-01-15
2026-07-02 02:58:34,V20_Range_Breakout,MEDANTA.NS,1328.0,1009.64,1259.55,24.75%,2025-04-07,2025-04-08
2026-07-02 02:58:34,V20_Range_Breakout,FORTIS.NS,949.05,911.09,1119.88,22.50%,2026-01-01,2026-01-15
2026-07-02 02:58:34,V20_Range_Breakout,ADANIPORTS.NS,1848.2,1774.27,2180.88,22.50%,2026-01-01,2026-01-15
2026-07-02 02:58:34,V20_Range_Breakout,JSWINFRA.NS,330.45,317.23,389.93,22.50%,2026-01-01,2026-01-15
2026-07-02 02:58:34,V20_Range_Breakout,AWL.NS,184.2,176.83,217.36,22.50%,2026-01-01,2026-01-15
2026-07-02 02:58:34,V20_Range_Breakout,GODREJCP.NS,1043.6,1001.86,1231.45,22.50%,2026-01-01,2026-01-15
2026-07-02 02:58:34,V20_Range_Breakout,DIXON.NS,11956.0,12749.33,16820.51,31.93%,2025-04-09,2025-04-22
2026-07-02 02:58:34,V20_Range_Breakout,KAJARIACER.NS,1203.6,945.5,1178.0,24.59%,2026-04-01,2026-04-15
2026-07-02 02:58:34,V20_Range_Breakout,HONAUT.NS,39655.0,28540.0,36550.0,28.07%,2026-05-19,2026-05-22
2026-07-02 02:58:34,V20_Range_Breakout,DMART.NS,4328.6,3685.1,4562.6,23.81%,2026-03-24,2026-04-06
2026-07-02 02:58:34,V20_Range_Breakout,RELAXO.NS,410.0,393.6,483.8,22.50%,2026-01-01,2026-01-15
2026-07-02 02:58:34,V20_Range_Breakout,BLUESTARCO.NS,1606.4,1581.5,1921.0,21.47%,2026-04-08,2026-04-20
2026-07-02 02:58:34,V20_Range_Breakout,BOSCHLTD.NS,40785.0,29120.0,37670.0,29.36%,2026-04-01,2026-04-10
2026-07-02 02:58:34,V20_Range_Breakout,EICHERMOT.NS,7139.0,6853.44,8424.02,22.50%,2026-01-01,2026-01-15
2026-07-02 02:58:34,V20_Range_Breakout,MRF.NS,129430.0,124252.8,152727.4,22.50%,2026-01-01,2026-01-15
2026-07-02 02:58:34,V20_Range_Breakout,M&M.NS,3097.0,2973.12,3654.46,22.50%,2026-01-01,2026-01-15
2026-07-02 02:58:34,V20_Range_Breakout,HYUNDAI.NS,1918.3,1841.57,2263.59,22.50%,2026-01-01,2026-01-15
2026-07-02 02:58:34,V20_Range_Breakout,INDHOTEL.NS,718.75,690.0,848.12,22.50%,2026-01-01,2026-01-15
2026-07-02 02:58:34,V20_Range_Breakout,UNITDSPR.NS,1352.4,1298.3,1595.83,22.50%,2026-01-01,2026-01-15
2026-07-02 02:58:34,V20_Range_Breakout,RADICO.NS,3952.6,2710.0,3365.0,24.17%,2026-04-10,2026-04-20
2026-07-02 02:58:34,V20_Range_Breakout,UBL.NS,1359.3,1304.93,1603.97,22.50%,2026-01-01,2026-01-15
2026-07-02 02:58:34,V20_Range_Breakout,VBL.NS,515.7,394.43,474.75,20.36%,2026-04-07,2026-04-17
2026-07-03 10:50:56,V20_Range_Breakout,EICHERMOT.NS,7339.5,7045.92,8660.61,22.50%,2026-01-01,2026-01-15
2026-07-03 10:50:56,V20_Range_Breakout,M&M.NS,3136.9,3011.42,3701.54,22.50%,2026-01-01,2026-01-15
2026-07-03 10:50:56,V20_Range_Breakout,RADICO.NS,3892.3,2710.0,3365.0,24.17%,2026-04-10,2026-04-20
2026-07-03 10:50:56,V20_Range_Breakout,ULTRACEMCO.NS,11723.0,11254.08,13833.14,22.50%,2026-01-01,2026-01-15
2026-07-03 10:50:56,V20_Range_Breakout,ACC.NS,1393.8,1338.05,1644.68,22.50%,2026-01-01,2026-01-15
2026-07-03 10:50:56,V20_Range_Breakout,DABUR.NS,444.35,426.58,524.33,22.50%,2026-01-01,2026-01-15
2026-07-03 10:50:56,V20_Range_Breakout,BOSCHLTD.NS,41895.0,29120.0,37670.0,29.36%,2026-04-01,2026-04-10
2026-07-03 10:50:56,V20_Range_Breakout,LT.NS,4026.6,3865.54,4751.39,22.50%,2026-01-01,2026-01-15
2026-07-03 10:50:56,V20_Range_Breakout,INFY.NS,1047.2,1005.31,1235.7,22.50%,2026-01-01,2026-01-15
2026-07-03 10:50:56,V20_Range_Breakout,DMART.NS,3994.4,3685.1,4562.6,23.81%,2026-03-24,2026-04-06
2026-07-03 10:50:56,V20_Range_Breakout,ADANIPORTS.NS,1874.2,1799.23,2211.56,22.50%,2026-01-01,2026-01-15
2026-07-03 10:50:56,V20_Range_Breakout,BAJAJ-AUTO.NS,9785.5,9394.08,11546.89,22.50%,2026-01-01,2026-01-15
2026-07-03 10:50:56,V20_Range_Breakout,ITC.NS,289.95,278.35,342.14,22.50%,2026-01-01,2026-01-15
2026-07-03 10:50:56,V20_Range_Breakout,VOLTAS.NS,1280.2,1125.16,1394.41,23.93%,2025-02-01,2025-02-03
2026-07-03 10:50:56,V20_Range_Breakout,NESTLEIND.NS,1459.8,1401.41,1722.56,22.50%,2026-01-01,2026-01-15
2026-07-03 10:50:56,V20_Range_Breakout,PFIZER.NS,4568.6,4280.78,5692.32,32.97%,2025-05-19,2025-06-05
2026-07-03 10:50:56,V20_Range_Breakout,CDSL.NS,1350.6,1296.58,1593.71,22.50%,2026-01-01,2026-01-15
2026-07-03 10:50:56,V20_Range_Breakout,BLUESTARCO.NS,1583.2,1581.5,1921.0,21.47%,2026-04-08,2026-04-20
2026-07-03 10:50:56,V20_Range_Breakout,COLPAL.NS,2047.0,1965.12,2415.46,22.50%,2026-01-01,2026-01-15
2026-07-03 10:50:56,V20_Range_Breakout,MARICO.NS,838.55,805.01,989.49,22.50%,2026-01-01,2026-01-15
2026-07-03 10:50:56,V20_Range_Breakout,BAJFINANCE.NS,1031.4,990.14,1217.05,22.50%,2026-01-01,2026-01-15
2026-07-03 10:50:56,V20_Range_Breakout,KOTAKBANK.NS,396.75,380.88,468.16,22.50%,2026-01-01,2026-01-15
2026-07-03 10:50:56,V20_Range_Breakout,HDFCAMC.NS,2800.2,2688.19,3304.24,22.50%,2026-01-01,2026-01-15
2026-07-03 10:50:56,V20_Range_Breakout,HONAUT.NS,39515.0,28540.0,36550.0,28.07%,2026-05-19,2026-05-22
2026-07-03 10:50:56,V20_Range_Breakout,SBIN.NS,1040.0,998.4,1227.2,22.50%,2026-01-01,2026-01-15
2026-07-03 10:50:56,V20_Range_Breakout,GODREJCP.NS,1076.9,1033.82,1270.74,22.50%,2026-01-01,2026-01-15
2026-07-03 10:50:56,V20_Range_Breakout,TEAMLEASE.NS,1421.3,2854.65,3478.0,21.84%,2024-07-23,2024-07-29
2026-07-03 10:50:56,V20_Range_Breakout,HCLTECH.NS,1139.0,1093.44,1344.02,22.50%,2026-01-01,2026-01-15
2026-07-03 10:50:56,V20_Range_Breakout,ICICIGI.NS,1772.8,1701.89,2091.9,22.50%,2026-01-01,2026-01-15
2026-07-03 10:50:56,V20_Range_Breakout,AWL.NS,191.11,183.47,225.51,22.50%,2026-01-01,2026-01-15
2026-07-03 10:50:56,V20_Range_Breakout,MRF.NS,134655.0,129268.8,158892.9,22.50%,2026-01-01,2026-01-15
2026-07-03 10:50:56,V20_Range_Breakout,TCS.NS,2093.5,2009.76,2470.33,22.50%,2026-01-01,2026-01-15
2026-07-03 10:50:56,V20_Range_Breakout,MCX.NS,2814.0,903.55,1187.07,31.38%,2025-04-07,2025-04-21
2026-07-03 10:50:56,V20_Range_Breakout,HDFCLIFE.NS,567.7,544.99,669.89,22.50%,2026-01-01,2026-01-15
2026-07-03 10:50:56,V20_Range_Breakout,HYUNDAI.NS,1993.4,1913.66,2352.21,22.50%,2026-01-01,2026-01-15
2026-07-03 10:50:56,V20_Range_Breakout,ERIS.NS,1431.1,1091.34,1389.64,27.33%,2025-04-07,2025-04-11
2026-07-03 10:50:56,V20_Range_Breakout,LALPATHLAB.NS,1645.7,1579.87,1941.93,22.50%,2026-01-01,2026-01-15
2026-07-03 10:50:56,V20_Range_Breakout,HDFCBANK.NS,801.05,769.01,945.24,22.50%,2026-01-01,2026-01-15
2026-07-03 10:50:56,V20_Range_Breakout,PIDILITIND.NS,1598.0,1534.08,1885.64,22.50%,2026-01-01,2026-01-15
2026-07-03 10:50:56,V20_Range_Breakout,QUESS.NS,290.85,240.59,294.0,22.20%,2026-06-30,2026-07-03
2026-07-03 10:50:56,V20_Range_Breakout,CIPLA.NS,1458.2,1399.87,1720.68,22.50%,2026-01-01,2026-01-15
2026-07-03 10:50:56,V20_Range_Breakout,GILLETTE.NS,7610.5,7265.28,8796.35,21.07%,2025-02-18,2025-02-20
2026-07-03 10:50:56,V20_Range_Breakout,ABBOTINDIA.NS,25895.0,24859.2,30556.1,22.50%,2026-01-01,2026-01-15
2026-07-03 10:50:56,V20_Range_Breakout,ICICIBANK.NS,1411.4,1354.94,1665.45,22.50%,2026-01-01,2026-01-15
2026-07-03 10:50:56,V20_Range_Breakout,ASTRAZEN.NS,8310.5,7793.36,9998.82,28.30%,2025-05-29,2025-06-05
2026-07-03 10:50:56,V20_Range_Breakout,NAM-INDIA.NS,1218.2,304.5,369.14,21.23%,2023-10-09,2023-10-13
2026-07-03 10:50:56,V20_Range_Breakout,HINDUNILVR.NS,2201.2,2113.15,2597.42,22.50%,2026-01-01,2026-01-15
2026-07-03 10:50:56,V20_Range_Breakout,GLAXO.NS,2395.5,1894.45,2642.36,39.48%,2025-02-14,2025-02-20
2026-07-03 10:50:56,V20_Range_Breakout,ASIANPAINT.NS,2737.8,2628.29,3230.6,22.50%,2026-01-01,2026-01-15
2026-07-03 10:50:56,V20_Range_Breakout,PAGEIND.NS,42800.0,41088.0,50504.0,22.50%,2026-01-01,2026-01-15
2026-07-03 10:50:56,V20_Range_Breakout,ICICIPRULI.NS,485.25,465.84,572.59,22.50%,2026-01-01,2026-01-15
2026-07-03 10:50:56,V20_Range_Breakout,MEDANTA.NS,1350.7,1009.64,1259.55,24.75%,2025-04-07,2025-04-08
2026-07-03 10:50:56,V20_Range_Breakout,BAJAJFINSV.NS,1895.6,1819.78,2236.81,22.50%,2026-01-01,2026-01-15
2026-07-03 10:50:56,V20_Range_Breakout,AXISBANK.NS,1342.1,1288.42,1583.68,22.50%,2026-01-01,2026-01-15
2026-07-03 10:50:56,V20_Range_Breakout,SANOFI.NS,3425.0,5620.1,10037.9,78.61%,2024-06-07,2024-06-13
2026-07-03 10:50:56,V20_Range_Breakout,DIXON.NS,12456.0,12749.33,16820.51,31.93%,2025-04-09,2025-04-22
2026-07-03 10:50:56,V20_Range_Breakout,PGHH.NS,8902.0,8545.92,10504.36,22.50%,2026-01-01,2026-01-15
2026-07-03 10:50:56,V20_Range_Breakout,UNITDSPR.NS,1393.3,1337.57,1644.09,22.50%,2026-01-01,2026-01-15
2026-07-03 10:50:56,V20_Range_Breakout,CAMS.NS,798.35,874.48,1049.83,20.05%,2024-11-25,2024-12-05
2026-07-03 10:50:56,V20_Range_Breakout,INDHOTEL.NS,728.6,699.46,859.75,22.50%,2026-01-01,2026-01-15
2026-07-03 10:50:56,V20_Range_Breakout,TITAN.NS,4461.1,4282.66,5264.1,22.50%,2026-01-01,2026-01-15
2026-07-03 10:50:56,V20_Range_Breakout,JIOFIN.NS,239.35,271.48,346.46,27.62%,2024-02-19,2024-02-23
2026-07-03 10:50:56,V20_Range_Breakout,RELIANCE.NS,1304.0,1251.84,1538.72,22.50%,2026-01-01,2026-01-15
2026-07-03 10:50:56,V20_Range_Breakout,BSE.NS,3816.6,2391.0,2918.0,22.04%,2025-05-29,2025-06-05
2026-07-03 10:50:56,V20_Range_Breakout,RELAXO.NS,397.15,381.26,468.64,22.50%,2026-01-01,2026-01-15
2026-07-03 10:50:56,V20_Range_Breakout,APOLLOHOSP.NS,8893.5,8537.76,10494.33,22.50%,2026-01-01,2026-01-15
2026-07-03 10:50:56,V20_Range_Breakout,JSWINFRA.NS,326.05,313.01,384.74,22.50%,2026-01-01,2026-01-15
2026-07-03 10:50:56,V20_Range_Breakout,HAVELLS.NS,1181.1,1373.11,1654.06,20.46%,2025-04-07,2025-04-22
2026-07-03 10:50:56,V20_Range_Breakout,MARUTI.NS,14366.0,13791.36,16951.88,22.50%,2026-01-01,2026-01-15
2026-07-03 10:50:56,V20_Range_Breakout,FORTIS.NS,974.6,935.62,1150.03,22.50%,2026-01-01,2026-01-15
2026-07-03 10:50:56,V20_Range_Breakout,KAJARIACER.NS,1202.3,945.5,1178.0,24.59%,2026-04-01,2026-04-15
2026-07-03 10:50:56,V20_Range_Breakout,UBL.NS,1345.0,1291.2,1587.1,22.50%,2026-01-01,2026-01-15
2026-07-03 10:50:56,V20_Range_Breakout,VBL.NS,515.8,394.43,474.75,20.36%,2026-04-07,2026-04-17
2026-07-03 10:50:56,V20_Range_Breakout,ANGELONE.NS,352.25,228.45,284.2,24.40%,2026-04-01,2026-04-09
2026-07-03 10:50:56,V20_Range_Breakout,BATAINDIA.NS,696.6,668.74,821.99,22.50%,2026-01-01,2026-01-15
2026-07-03 11:06:27,V20_Range_Breakout,QUESS.NS,290.85,240.59,294.0,22.20%,2026-06-30,2026-07-03
2026-07-03 11:06:27,V20_Range_Breakout,ULTRACEMCO.NS,11723.0,11254.08,13833.14,22.50%,2026-01-01,2026-01-15
2026-07-03 11:06:27,V20_Range_Breakout,KAJARIACER.NS,1202.3,945.5,1178.0,24.59%,2026-04-01,2026-04-15
2026-07-03 11:06:27,V20_Range_Breakout,TITAN.NS,4461.1,4282.66,5264.1,22.50%,2026-01-01,2026-01-15
2026-07-03 11:06:27,V20_Range_Breakout,HAVELLS.NS,1181.1,1373.11,1654.06,20.46%,2025-04-07,2025-04-22
2026-07-03 11:06:27,V20_Range_Breakout,DIXON.NS,12456.0,12749.33,16820.51,31.93%,2025-04-09,2025-04-22
2026-07-03 11:06:27,V20_Range_Breakout,GODREJCP.NS,1076.9,1033.82,1270.74,22.50%,2026-01-01,2026-01-15
2026-07-03 11:06:27,V20_Range_Breakout,COLPAL.NS,2047.0,1965.12,2415.46,22.50%,2026-01-01,2026-01-15
2026-07-03 11:06:27,V20_Range_Breakout,BAJFINANCE.NS,1031.4,990.14,1217.05,22.50%,2026-01-01,2026-01-15
2026-07-03 11:06:27,V20_Range_Breakout,AWL.NS,191.11,183.47,225.51,22.50%,2026-01-01,2026-01-15
2026-07-03 11:06:27,V20_Range_Breakout,ICICIPRULI.NS,485.25,465.84,572.59,22.50%,2026-01-01,2026-01-15
2026-07-03 11:06:27,V20_Range_Breakout,SANOFI.NS,3425.0,5620.1,10037.9,78.61%,2024-06-07,2024-06-13
2026-07-03 11:06:27,V20_Range_Breakout,JIOFIN.NS,239.35,271.48,346.46,27.62%,2024-02-19,2024-02-23
2026-07-03 11:06:27,V20_Range_Breakout,CIPLA.NS,1458.2,1399.87,1720.68,22.50%,2026-01-01,2026-01-15
2026-07-03 11:06:27,V20_Range_Breakout,LT.NS,4026.6,3865.54,4751.39,22.50%,2026-01-01,2026-01-15
2026-07-03 11:06:27,V20_Range_Breakout,RELIANCE.NS,1304.0,1251.84,1538.72,22.50%,2026-01-01,2026-01-15
2026-07-03 11:06:27,V20_Range_Breakout,HDFCBANK.NS,801.05,769.01,945.24,22.50%,2026-01-01,2026-01-15
2026-07-03 11:06:27,V20_Range_Breakout,TEAMLEASE.NS,1421.3,2854.65,3478.0,21.84%,2024-07-23,2024-07-29
2026-07-03 11:06:27,V20_Range_Breakout,PFIZER.NS,4568.6,4280.78,5692.32,32.97%,2025-05-19,2025-06-05
2026-07-03 11:06:27,V20_Range_Breakout,RELAXO.NS,397.15,381.26,468.64,22.50%,2026-01-01,2026-01-15
2026-07-03 11:06:27,V20_Range_Breakout,VOLTAS.NS,1280.2,1125.16,1394.41,23.93%,2025-02-01,2025-02-03
2026-07-03 11:06:27,V20_Range_Breakout,ABBOTINDIA.NS,25895.0,24859.2,30556.1,22.50%,2026-01-01,2026-01-15
2026-07-03 11:06:27,V20_Range_Breakout,AXISBANK.NS,1342.1,1288.42,1583.68,22.50%,2026-01-01,2026-01-15
2026-07-03 11:06:27,V20_Range_Breakout,UNITDSPR.NS,1393.3,1337.57,1644.09,22.50%,2026-01-01,2026-01-15
2026-07-03 11:06:27,V20_Range_Breakout,BAJAJFINSV.NS,1895.6,1819.78,2236.81,22.50%,2026-01-01,2026-01-15
2026-07-03 11:06:27,V20_Range_Breakout,ASIANPAINT.NS,2737.8,2628.29,3230.6,22.50%,2026-01-01,2026-01-15
2026-07-03 11:06:27,V20_Range_Breakout,INDHOTEL.NS,728.6,699.46,859.75,22.50%,2026-01-01,2026-01-15
2026-07-03 11:06:27,V20_Range_Breakout,APOLLOHOSP.NS,8893.5,8537.76,10494.33,22.50%,2026-01-01,2026-01-15
2026-07-03 11:06:27,V20_Range_Breakout,RADICO.NS,3892.3,2710.0,3365.0,24.17%,2026-04-10,2026-04-20
2026-07-03 11:06:27,V20_Range_Breakout,KOTAKBANK.NS,396.75,380.88,468.16,22.50%,2026-01-01,2026-01-15
2026-07-03 11:06:27,V20_Range_Breakout,BATAINDIA.NS,696.6,668.74,821.99,22.50%,2026-01-01,2026-01-15
2026-07-03 11:06:27,V20_Range_Breakout,MARICO.NS,838.55,805.01,989.49,22.50%,2026-01-01,2026-01-15
2026-07-03 11:06:27,V20_Range_Breakout,BLUESTARCO.NS,1583.2,1581.5,1921.0,21.47%,2026-04-08,2026-04-20
2026-07-03 11:06:27,V20_Range_Breakout,ICICIBANK.NS,1411.4,1354.94,1665.45,22.50%,2026-01-01,2026-01-15
2026-07-03 11:06:27,V20_Range_Breakout,BSE.NS,3816.6,2391.0,2918.0,22.04%,2025-05-29,2025-06-05
2026-07-03 11:06:27,V20_Range_Breakout,JSWINFRA.NS,326.05,313.01,384.74,22.50%,2026-01-01,2026-01-15
2026-07-03 11:06:27,V20_Range_Breakout,DABUR.NS,444.35,426.58,524.33,22.50%,2026-01-01,2026-01-15
2026-07-03 11:06:27,V20_Range_Breakout,INFY.NS,1047.2,1005.31,1235.7,22.50%,2026-01-01,2026-01-15
2026-07-03 11:06:27,V20_Range_Breakout,GLAXO.NS,2395.5,1894.45,2642.36,39.48%,2025-02-14,2025-02-20
2026-07-03 11:06:27,V20_Range_Breakout,GILLETTE.NS,7610.5,7265.28,8796.35,21.07%,2025-02-18,2025-02-20
2026-07-03 11:06:27,V20_Range_Breakout,ERIS.NS,1431.1,1091.34,1389.64,27.33%,2025-04-07,2025-04-11
2026-07-03 11:06:27,V20_Range_Breakout,HYUNDAI.NS,1993.4,1913.66,2352.21,22.50%,2026-01-01,2026-01-15
2026-07-03 11:06:27,V20_Range_Breakout,ADANIPORTS.NS,1874.2,1799.23,2211.56,22.50%,2026-01-01,2026-01-15
2026-07-03 11:06:27,V20_Range_Breakout,CDSL.NS,1350.6,1296.58,1593.71,22.50%,2026-01-01,2026-01-15
2026-07-03 11:06:27,V20_Range_Breakout,HINDUNILVR.NS,2201.2,2113.15,2597.42,22.50%,2026-01-01,2026-01-15
2026-07-03 11:06:27,V20_Range_Breakout,HDFCLIFE.NS,567.7,544.99,669.89,22.50%,2026-01-01,2026-01-15
2026-07-03 11:06:27,V20_Range_Breakout,HDFCAMC.NS,2800.2,2688.19,3304.24,22.50%,2026-01-01,2026-01-15
2026-07-03 11:06:27,V20_Range_Breakout,BOSCHLTD.NS,41895.0,29120.0,37670.0,29.36%,2026-04-01,2026-04-10
2026-07-03 11:06:27,V20_Range_Breakout,FORTIS.NS,974.6,935.62,1150.03,22.50%,2026-01-01,2026-01-15
2026-07-03 11:06:27,V20_Range_Breakout,MEDANTA.NS,1350.7,1009.64,1259.55,24.75%,2025-04-07,2025-04-08
2026-07-03 11:06:27,V20_Range_Breakout,NAM-INDIA.NS,1218.2,304.5,369.14,21.23%,2023-10-09,2023-10-13
2026-07-03 11:06:27,V20_Range_Breakout,SBIN.NS,1040.0,998.4,1227.2,22.50%,2026-01-01,2026-01-15
2026-07-03 11:06:27,V20_Range_Breakout,HCLTECH.NS,1139.0,1093.44,1344.02,22.50%,2026-01-01,2026-01-15
2026-07-03 11:06:27,V20_Range_Breakout,ICICIGI.NS,1772.8,1701.89,2091.9,22.50%,2026-01-01,2026-01-15
2026-07-03 11:06:27,V20_Range_Breakout,EICHERMOT.NS,7339.5,7045.92,8660.61,22.50%,2026-01-01,2026-01-15
2026-07-03 11:06:27,V20_Range_Breakout,ANGELONE.NS,352.25,228.45,284.2,24.40%,2026-04-01,2026-04-09
2026-07-03 11:06:27,V20_Range_Breakout,ACC.NS,1393.8,1338.05,1644.68,22.50%,2026-01-01,2026-01-15
2026-07-03 11:06:27,V20_Range_Breakout,PIDILITIND.NS,1598.0,1534.08,1885.64,22.50%,2026-01-01,2026-01-15
2026-07-03 11:06:27,V20_Range_Breakout,TCS.NS,2093.5,2009.76,2470.33,22.50%,2026-01-01,2026-01-15
2026-07-03 11:06:27,V20_Range_Breakout,CAMS.NS,798.35,874.48,1049.83,20.05%,2024-11-25,2024-12-05
2026-07-03 11:06:27,V20_Range_Breakout,NESTLEIND.NS,1459.8,1401.41,1722.56,22.50%,2026-01-01,2026-01-15
2026-07-03 11:06:27,V20_Range_Breakout,PGHH.NS,8902.0,8545.92,10504.36,22.50%,2026-01-01,2026-01-15
2026-07-03 11:06:27,V20_Range_Breakout,MCX.NS,2814.0,903.55,1187.07,31.38%,2025-04-07,2025-04-21
2026-07-03 11:06:27,V20_Range_Breakout,ASTRAZEN.NS,8310.5,7793.36,9998.82,28.30%,2025-05-29,2025-06-05
2026-07-03 11:06:27,V20_Range_Breakout,HONAUT.NS,39515.0,28540.0,36550.0,28.07%,2026-05-19,2026-05-22
2026-07-03 11:06:27,V20_Range_Breakout,MARUTI.NS,14366.0,13791.36,16951.88,22.50%,2026-01-01,2026-01-15
2026-07-03 11:06:27,V20_Range_Breakout,DMART.NS,3994.4,3685.1,4562.6,23.81%,2026-03-24,2026-04-06
2026-07-03 11:06:27,V20_Range_Breakout,ITC.NS,289.95,278.35,342.14,22.50%,2026-01-01,2026-01-15
2026-07-03 11:06:27,V20_Range_Breakout,MRF.NS,134655.0,129268.8,158892.9,22.50%,2026-01-01,2026-01-15
2026-07-03 11:06:27,V20_Range_Breakout,LALPATHLAB.NS,1645.7,1579.87,1941.93,22.50%,2026-01-01,2026-01-15
2026-07-03 11:06:27,V20_Range_Breakout,UBL.NS,1345.0,1291.2,1587.1,22.50%,2026-01-01,2026-01-15
2026-07-03 11:06:27,V20_Range_Breakout,VBL.NS,515.8,394.43,474.75,20.36%,2026-04-07,2026-04-17
2026-07-03 11:06:27,V20_Range_Breakout,PAGEIND.NS,42800.0,41088.0,50504.0,22.50%,2026-01-01,2026-01-15
2026-07-03 11:06:27,V20_Range_Breakout,M&M.NS,3136.9,3011.42,3701.54,22.50%,2026-01-01,2026-01-15
2026-07-03 11:06:27,V20_Range_Breakout,BAJAJ-AUTO.NS,9785.5,9394.08,11546.89,22.50%,2026-01-01,2026-01-15
2026-07-03 12:08:01,V20_Range_Breakout,DABUR.NS,444.35,426.58,524.33,22.50%,2026-01-01,2026-01-15
2026-07-03 12:08:01,V20_Range_Breakout,MARICO.NS,838.55,805.01,989.49,22.50%,2026-01-01,2026-01-15
2026-07-03 12:08:01,V20_Range_Breakout,JSWINFRA.NS,326.05,313.01,384.74,22.50%,2026-01-01,2026-01-15
2026-07-03 12:08:01,V20_Range_Breakout,ULTRACEMCO.NS,11723.0,11254.08,13833.14,22.50%,2026-01-01,2026-01-15
2026-07-03 12:08:01,V20_Range_Breakout,TCS.NS,2093.5,2009.76,2470.33,22.50%,2026-01-01,2026-01-15
2026-07-03 12:08:01,V20_Range_Breakout,ERIS.NS,1431.1,1091.34,1389.64,27.33%,2025-04-07,2025-04-11
2026-07-03 12:08:01,V20_Range_Breakout,RADICO.NS,3892.3,2710.0,3365.0,24.17%,2026-04-10,2026-04-20
2026-07-03 12:08:01,V20_Range_Breakout,ICICIPRULI.NS,485.25,465.84,572.59,22.50%,2026-01-01,2026-01-15
2026-07-03 12:08:01,V20_Range_Breakout,NAM-INDIA.NS,1218.2,304.5,369.14,21.23%,2023-10-09,2023-10-13
2026-07-03 12:08:01,V20_Range_Breakout,RELIANCE.NS,1304.0,1251.84,1538.72,22.50%,2026-01-01,2026-01-15
2026-07-03 12:08:01,V20_Range_Breakout,BAJFINANCE.NS,1031.4,990.14,1217.05,22.50%,2026-01-01,2026-01-15
2026-07-03 12:08:01,V20_Range_Breakout,KOTAKBANK.NS,396.75,380.88,468.16,22.50%,2026-01-01,2026-01-15
2026-07-03 12:08:01,V20_Range_Breakout,DIXON.NS,12456.0,12749.33,16820.51,31.93%,2025-04-09,2025-04-22
2026-07-03 12:08:01,V20_Range_Breakout,BSE.NS,3816.6,2391.0,2918.0,22.04%,2025-05-29,2025-06-05
2026-07-03 12:08:01,V20_Range_Breakout,VOLTAS.NS,1280.2,1125.16,1394.41,23.93%,2025-02-01,2025-02-03
2026-07-03 12:08:01,V20_Range_Breakout,ACC.NS,1393.8,1338.05,1644.68,22.50%,2026-01-01,2026-01-15
2026-07-03 12:08:01,V20_Range_Breakout,GLAXO.NS,2395.5,1894.45,2642.36,39.48%,2025-02-14,2025-02-20
2026-07-03 12:08:01,V20_Range_Breakout,BLUESTARCO.NS,1583.2,1581.5,1921.0,21.47%,2026-04-08,2026-04-20
2026-07-03 12:08:01,V20_Range_Breakout,HDFCLIFE.NS,567.7,544.99,669.89,22.50%,2026-01-01,2026-01-15
2026-07-03 12:08:01,V20_Range_Breakout,MCX.NS,2814.0,903.55,1187.07,31.38%,2025-04-07,2025-04-21
2026-07-03 12:08:01,V20_Range_Breakout,KAJARIACER.NS,1202.3,945.5,1178.0,24.59%,2026-04-01,2026-04-15
2026-07-03 12:08:01,V20_Range_Breakout,GILLETTE.NS,7610.5,7265.28,8796.35,21.07%,2025-02-18,2025-02-20
2026-07-03 12:08:01,V20_Range_Breakout,ASIANPAINT.NS,2737.8,2628.29,3230.6,22.50%,2026-01-01,2026-01-15
2026-07-03 12:08:01,V20_Range_Breakout,PAGEIND.NS,42800.0,41088.0,50504.0,22.50%,2026-01-01,2026-01-15
2026-07-03 12:08:01,V20_Range_Breakout,HONAUT.NS,39515.0,28540.0,36550.0,28.07%,2026-05-19,2026-05-22
2026-07-03 12:08:01,V20_Range_Breakout,HINDUNILVR.NS,2201.2,2113.15,2597.42,22.50%,2026-01-01,2026-01-15
2026-07-03 12:08:01,V20_Range_Breakout,HYUNDAI.NS,1993.4,1913.66,2352.21,22.50%,2026-01-01,2026-01-15
2026-07-03 12:08:01,V20_Range_Breakout,VBL.NS,515.8,394.43,474.75,20.36%,2026-04-07,2026-04-17
2026-07-03 12:08:01,V20_Range_Breakout,ANGELONE.NS,352.25,228.45,284.2,24.40%,2026-04-01,2026-04-09
2026-07-03 12:08:01,V20_Range_Breakout,BOSCHLTD.NS,41895.0,29120.0,37670.0,29.36%,2026-04-01,2026-04-10
2026-07-03 12:08:01,V20_Range_Breakout,ASTRAZEN.NS,8310.5,7793.36,9998.82,28.30%,2025-05-29,2025-06-05
2026-07-03 12:08:01,V20_Range_Breakout,APOLLOHOSP.NS,8893.5,8537.76,10494.33,22.50%,2026-01-01,2026-01-15
2026-07-03 12:08:01,V20_Range_Breakout,INDHOTEL.NS,728.6,699.46,859.75,22.50%,2026-01-01,2026-01-15
2026-07-03 12:08:01,V20_Range_Breakout,ABBOTINDIA.NS,25895.0,24859.2,30556.1,22.50%,2026-01-01,2026-01-15
2026-07-03 12:08:01,V20_Range_Breakout,FORTIS.NS,974.6,935.62,1150.03,22.50%,2026-01-01,2026-01-15
2026-07-03 12:08:01,V20_Range_Breakout,CIPLA.NS,1458.2,1399.87,1720.68,22.50%,2026-01-01,2026-01-15
2026-07-03 12:08:01,V20_Range_Breakout,GODREJCP.NS,1076.9,1033.82,1270.74,22.50%,2026-01-01,2026-01-15
2026-07-03 12:08:01,V20_Range_Breakout,PFIZER.NS,4568.6,4280.78,5692.32,32.97%,2025-05-19,2025-06-05
2026-07-03 12:08:01,V20_Range_Breakout,PGHH.NS,8902.0,8545.92,10504.36,22.50%,2026-01-01,2026-01-15
2026-07-03 12:08:01,V20_Range_Breakout,MEDANTA.NS,1350.7,1009.64,1259.55,24.75%,2025-04-07,2025-04-08
2026-07-03 12:08:01,V20_Range_Breakout,EICHERMOT.NS,7339.5,7045.92,8660.61,22.50%,2026-01-01,2026-01-15
2026-07-03 12:08:01,V20_Range_Breakout,ICICIGI.NS,1772.8,1701.89,2091.9,22.50%,2026-01-01,2026-01-15
2026-07-03 12:08:01,V20_Range_Breakout,DMART.NS,3994.4,3685.1,4562.6,23.81%,2026-03-24,2026-04-06
2026-07-03 12:08:01,V20_Range_Breakout,QUESS.NS,290.85,240.59,294.0,22.20%,2026-06-30,2026-07-03
2026-07-03 12:08:01,V20_Range_Breakout,CDSL.NS,1350.6,1296.58,1593.71,22.50%,2026-01-01,2026-01-15
2026-07-03 12:08:01,V20_Range_Breakout,NESTLEIND.NS,1459.8,1401.41,1722.56,22.50%,2026-01-01,2026-01-15
2026-07-03 12:08:01,V20_Range_Breakout,UBL.NS,1345.0,1291.2,1587.1,22.50%,2026-01-01,2026-01-15
2026-07-03 12:08:01,V20_Range_Breakout,BAJAJFINSV.NS,1895.6,1819.78,2236.81,22.50%,2026-01-01,2026-01-15
2026-07-03 12:08:01,V20_Range_Breakout,ADANIPORTS.NS,1874.2,1799.23,2211.56,22.50%,2026-01-01,2026-01-15
2026-07-03 12:08:01,V20_Range_Breakout,M&M.NS,3136.9,3011.42,3701.54,22.50%,2026-01-01,2026-01-15
2026-07-03 12:08:01,V20_Range_Breakout,ICICIBANK.NS,1411.4,1354.94,1665.45,22.50%,2026-01-01,2026-01-15
2026-07-03 12:08:01,V20_Range_Breakout,HDFCAMC.NS,2800.2,2688.19,3304.24,22.50%,2026-01-01,2026-01-15
2026-07-03 12:08:01,V20_Range_Breakout,BATAINDIA.NS,696.6,668.74,821.99,22.50%,2026-01-01,2026-01-15
2026-07-03 12:08:01,V20_Range_Breakout,BAJAJ-AUTO.NS,9785.5,9394.08,11546.89,22.50%,2026-01-01,2026-01-15
2026-07-03 12:08:01,V20_Range_Breakout,UNITDSPR.NS,1393.3,1337.57,1644.09,22.50%,2026-01-01,2026-01-15
2026-07-03 12:08:01,V20_Range_Breakout,TEAMLEASE.NS,1421.3,2854.65,3478.0,21.84%,2024-07-23,2024-07-29
2026-07-03 12:08:01,V20_Range_Breakout,COLPAL.NS,2047.0,1965.12,2415.46,22.50%,2026-01-01,2026-01-15
2026-07-03 12:08:01,V20_Range_Breakout,CAMS.NS,798.35,874.48,1049.83,20.05%,2024-11-25,2024-12-05
2026-07-03 12:08:01,V20_Range_Breakout,AWL.NS,191.11,183.47,225.51,22.50%,2026-01-01,2026-01-15
2026-07-03 12:08:01,V20_Range_Breakout,PIDILITIND.NS,1598.0,1534.08,1885.64,22.50%,2026-01-01,2026-01-15
2026-07-03 12:08:01,V20_Range_Breakout,TITAN.NS,4461.1,4282.66,5264.1,22.50%,2026-01-01,2026-01-15
2026-07-03 12:08:01,V20_Range_Breakout,SANOFI.NS,3425.0,5620.1,10037.9,78.61%,2024-06-07,2024-06-13
2026-07-03 12:08:01,V20_Range_Breakout,MARUTI.NS,14366.0,13791.36,16951.88,22.50%,2026-01-01,2026-01-15
2026-07-03 12:08:01,V20_Range_Breakout,INFY.NS,1047.2,1005.31,1235.7,22.50%,2026-01-01,2026-01-15
2026-07-03 12:08:01,V20_Range_Breakout,HCLTECH.NS,1139.0,1093.44,1344.02,22.50%,2026-01-01,2026-01-15
2026-07-03 12:08:01,V20_Range_Breakout,AXISBANK.NS,1342.1,1288.42,1583.68,22.50%,2026-01-01,2026-01-15
2026-07-03 12:08:01,V20_Range_Breakout,JIOFIN.NS,239.35,271.48,346.46,27.62%,2024-02-19,2024-02-23
2026-07-03 12:08:01,V20_Range_Breakout,LALPATHLAB.NS,1645.7,1579.87,1941.93,22.50%,2026-01-01,2026-01-15
2026-07-03 12:08:01,V20_Range_Breakout,MRF.NS,134655.0,129268.8,158892.9,22.50%,2026-01-01,2026-01-15
2026-07-03 12:08:01,V20_Range_Breakout,SBIN.NS,1040.0,998.4,1227.2,22.50%,2026-01-01,2026-01-15
2026-07-03 12:08:01,V20_Range_Breakout,HDFCBANK.NS,801.05,769.01,945.24,22.50%,2026-01-01,2026-01-15
2026-07-03 12:08:01,V20_Range_Breakout,RELAXO.NS,397.15,381.26,468.64,22.50%,2026-01-01,2026-01-15
2026-07-03 12:08:01,V20_Range_Breakout,LT.NS,4026.6,3865.54,4751.39,22.50%,2026-01-01,2026-01-15
2026-07-03 12:08:01,V20_Range_Breakout,ITC.NS,289.95,278.35,342.14,22.50%,2026-01-01,2026-01-15
2026-07-03 12:08:01,V20_Range_Breakout,HAVELLS.NS,1181.1,1373.11,1654.06,20.46%,2025-04-07,2025-04-22
2026-07-04 02:57:06,V20_Range_Breakout,ICICIGI.NS,1772.8,1701.89,2091.9,22.50%,2026-01-01,2026-01-15
2026-07-04 02:57:06,V20_Range_Breakout,FORTIS.NS,974.6,935.62,1150.03,22.50%,2026-01-01,2026-01-15
2026-07-04 02:57:06,V20_Range_Breakout,HDFCBANK.NS,801.05,769.01,945.24,22.50%,2026-01-01,2026-01-15
2026-07-04 02:57:06,V20_Range_Breakout,INFY.NS,1047.2,1005.31,1235.7,22.50%,2026-01-01,2026-01-15
2026-07-04 02:57:06,V20_Range_Breakout,PAGEIND.NS,42800.0,41088.0,50504.0,22.50%,2026-01-01,2026-01-15
2026-07-04 02:57:06,V20_Range_Breakout,ASIANPAINT.NS,2737.8,2628.29,3230.6,22.50%,2026-01-01,2026-01-15
2026-07-04 02:57:06,V20_Range_Breakout,MEDANTA.NS,1350.7,1009.64,1259.55,24.75%,2025-04-07,2025-04-08
2026-07-04 02:57:06,V20_Range_Breakout,MARICO.NS,838.55,805.01,989.49,22.50%,2026-01-01,2026-01-15
2026-07-04 02:57:06,V20_Range_Breakout,HDFCAMC.NS,2800.2,2688.19,3304.24,22.50%,2026-01-01,2026-01-15
2026-07-04 02:57:06,V20_Range_Breakout,RELAXO.NS,397.15,381.26,468.64,22.50%,2026-01-01,2026-01-15
2026-07-04 02:57:06,V20_Range_Breakout,BSE.NS,3816.6,2391.0,2918.0,22.04%,2025-05-29,2025-06-05
2026-07-04 02:57:06,V20_Range_Breakout,HONAUT.NS,39515.0,28540.0,36550.0,28.07%,2026-05-19,2026-05-22
2026-07-04 02:57:06,V20_Range_Breakout,BAJFINANCE.NS,1031.4,990.14,1217.05,22.50%,2026-01-01,2026-01-15
2026-07-04 02:57:06,V20_Range_Breakout,CIPLA.NS,1458.2,1399.87,1720.68,22.50%,2026-01-01,2026-01-15
2026-07-04 02:57:06,V20_Range_Breakout,TITAN.NS,4461.1,4282.66,5264.1,22.50%,2026-01-01,2026-01-15
2026-07-04 02:57:06,V20_Range_Breakout,AXISBANK.NS,1342.1,1288.42,1583.68,22.50%,2026-01-01,2026-01-15
2026-07-04 02:57:06,V20_Range_Breakout,EICHERMOT.NS,7339.5,7045.92,8660.61,22.50%,2026-01-01,2026-01-15
2026-07-04 02:57:06,V20_Range_Breakout,GLAXO.NS,2395.5,1894.45,2642.36,39.48%,2025-02-14,2025-02-20
2026-07-04 02:57:06,V20_Range_Breakout,RELIANCE.NS,1304.0,1251.84,1538.72,22.50%,2026-01-01,2026-01-15
2026-07-04 02:57:06,V20_Range_Breakout,BAJAJFINSV.NS,1895.6,1819.78,2236.81,22.50%,2026-01-01,2026-01-15
2026-07-04 02:57:06,V20_Range_Breakout,ICICIBANK.NS,1411.4,1354.94,1665.45,22.50%,2026-01-01,2026-01-15
2026-07-04 02:57:06,V20_Range_Breakout,VBL.NS,515.8,394.43,474.75,20.36%,2026-04-07,2026-04-17
2026-07-04 02:57:06,V20_Range_Breakout,ERIS.NS,1431.1,1091.34,1389.64,27.33%,2025-04-07,2025-04-11
2026-07-04 02:57:06,V20_Range_Breakout,VOLTAS.NS,1280.2,1125.16,1394.41,23.93%,2025-02-01,2025-02-03
2026-07-04 02:57:06,V20_Range_Breakout,M&M.NS,3136.9,3011.42,3701.54,22.50%,2026-01-01,2026-01-15
2026-07-04 02:57:06,V20_Range_Breakout,CAMS.NS,798.35,874.48,1049.83,20.05%,2024-11-25,2024-12-05
2026-07-04 02:57:06,V20_Range_Breakout,CDSL.NS,1350.6,1296.58,1593.71,22.50%,2026-01-01,2026-01-15
2026-07-04 02:57:06,V20_Range_Breakout,MCX.NS,2814.0,903.55,1187.07,31.38%,2025-04-07,2025-04-21
2026-07-04 02:57:06,V20_Range_Breakout,SANOFI.NS,3425.0,5620.1,10037.9,78.61%,2024-06-07,2024-06-13
2026-07-04 02:57:06,V20_Range_Breakout,NESTLEIND.NS,1459.8,1401.41,1722.56,22.50%,2026-01-01,2026-01-15
2026-07-04 02:57:06,V20_Range_Breakout,BATAINDIA.NS,696.6,668.74,821.99,22.50%,2026-01-01,2026-01-15
2026-07-04 02:57:06,V20_Range_Breakout,AWL.NS,191.11,183.47,225.51,22.50%,2026-01-01,2026-01-15
2026-07-04 02:57:06,V20_Range_Breakout,ANGELONE.NS,352.25,228.45,284.2,24.40%,2026-04-01,2026-04-09
2026-07-04 02:57:06,V20_Range_Breakout,NAM-INDIA.NS,1218.2,304.5,369.14,21.23%,2023-10-09,2023-10-13
2026-07-04 02:57:06,V20_Range_Breakout,PIDILITIND.NS,1598.0,1534.08,1885.64,22.50%,2026-01-01,2026-01-15
2026-07-04 02:57:06,V20_Range_Breakout,ITC.NS,289.95,278.35,342.14,22.50%,2026-01-01,2026-01-15
2026-07-04 02:57:06,V20_Range_Breakout,HYUNDAI.NS,1993.4,1913.66,2352.21,22.50%,2026-01-01,2026-01-15
2026-07-04 02:57:06,V20_Range_Breakout,UNITDSPR.NS,1393.3,1337.57,1644.09,22.50%,2026-01-01,2026-01-15
2026-07-04 02:57:06,V20_Range_Breakout,ASTRAZEN.NS,8310.5,7793.36,9998.82,28.30%,2025-05-29,2025-06-05
2026-07-04 02:57:06,V20_Range_Breakout,ICICIPRULI.NS,485.25,465.84,572.59,22.50%,2026-01-01,2026-01-15
2026-07-04 02:57:06,V20_Range_Breakout,ACC.NS,1393.8,1338.05,1644.68,22.50%,2026-01-01,2026-01-15
2026-07-04 02:57:06,V20_Range_Breakout,MARUTI.NS,14366.0,13791.36,16951.88,22.50%,2026-01-01,2026-01-15
2026-07-04 02:57:06,V20_Range_Breakout,KAJARIACER.NS,1202.3,945.5,1178.0,24.59%,2026-04-01,2026-04-15
2026-07-04 02:57:06,V20_Range_Breakout,RADICO.NS,3892.3,2710.0,3365.0,24.17%,2026-04-10,2026-04-20
2026-07-04 02:57:06,V20_Range_Breakout,HAVELLS.NS,1181.1,1373.11,1654.06,20.46%,2025-04-07,2025-04-22
2026-07-04 02:57:06,V20_Range_Breakout,APOLLOHOSP.NS,8893.5,8537.76,10494.33,22.50%,2026-01-01,2026-01-15
2026-07-04 02:57:06,V20_Range_Breakout,JSWINFRA.NS,326.05,313.01,384.74,22.50%,2026-01-01,2026-01-15
2026-07-04 02:57:06,V20_Range_Breakout,DABUR.NS,444.35,426.58,524.33,22.50%,2026-01-01,2026-01-15
2026-07-04 02:57:06,V20_Range_Breakout,TCS.NS,2093.5,2009.76,2470.33,22.50%,2026-01-01,2026-01-15
2026-07-04 02:57:06,V20_Range_Breakout,DMART.NS,3994.4,3685.1,4562.6,23.81%,2026-03-24,2026-04-06
2026-07-04 02:57:06,V20_Range_Breakout,ADANIPORTS.NS,1874.2,1799.23,2211.56,22.50%,2026-01-01,2026-01-15
2026-07-04 02:57:06,V20_Range_Breakout,HCLTECH.NS,1139.0,1093.44,1344.02,22.50%,2026-01-01,2026-01-15
2026-07-04 02:57:06,V20_Range_Breakout,BLUESTARCO.NS,1583.2,1581.5,1921.0,21.47%,2026-04-08,2026-04-20
2026-07-04 02:57:06,V20_Range_Breakout,DIXON.NS,12456.0,12749.33,16820.51,31.93%,2025-04-09,2025-04-22
2026-07-04 02:57:06,V20_Range_Breakout,PFIZER.NS,4568.6,4280.78,5692.32,32.97%,2025-05-19,2025-06-05
2026-07-04 02:57:06,V20_Range_Breakout,SBIN.NS,1040.0,998.4,1227.2,22.50%,2026-01-01,2026-01-15
2026-07-04 02:57:06,V20_Range_Breakout,GILLETTE.NS,7610.5,7265.28,8796.35,21.07%,2025-02-18,2025-02-20
2026-07-04 02:57:06,V20_Range_Breakout,BAJAJ-AUTO.NS,9785.5,9394.08,11546.89,22.50%,2026-01-01,2026-01-15
2026-07-04 02:57:06,V20_Range_Breakout,HDFCLIFE.NS,567.7,544.99,669.89,22.50%,2026-01-01,2026-01-15
2026-07-04 02:57:06,V20_Range_Breakout,ULTRACEMCO.NS,11723.0,11254.08,13833.14,22.50%,2026-01-01,2026-01-15
2026-07-04 02:57:06,V20_Range_Breakout,LT.NS,4026.6,3865.54,4751.39,22.50%,2026-01-01,2026-01-15
2026-07-04 02:57:06,V20_Range_Breakout,QUESS.NS,290.85,240.59,294.0,22.20%,2026-06-30,2026-07-03
2026-07-04 02:57:06,V20_Range_Breakout,TEAMLEASE.NS,1421.3,2854.65,3478.0,21.84%,2024-07-23,2024-07-29
2026-07-04 02:57:06,V20_Range_Breakout,BOSCHLTD.NS,41895.0,29120.0,37670.0,29.36%,2026-04-01,2026-04-10
2026-07-04 02:57:06,V20_Range_Breakout,JIOFIN.NS,239.35,271.48,346.46,27.62%,2024-02-19,2024-02-23
2026-07-04 02:57:06,V20_Range_Breakout,HINDUNILVR.NS,2201.2,2113.15,2597.42,22.50%,2026-01-01,2026-01-15
2026-07-04 02:57:06,V20_Range_Breakout,UBL.NS,1345.0,1291.2,1587.1,22.50%,2026-01-01,2026-01-15
2026-07-04 02:57:06,V20_Range_Breakout,KOTAKBANK.NS,396.75,380.88,468.16,22.50%,2026-01-01,2026-01-15
2026-07-04 02:57:06,V20_Range_Breakout,ABBOTINDIA.NS,25895.0,24859.2,30556.1,22.50%,2026-01-01,2026-01-15
2026-07-04 02:57:06,V20_Range_Breakout,COLPAL.NS,2047.0,1965.12,2415.46,22.50%,2026-01-01,2026-01-15
2026-07-04 02:57:06,V20_Range_Breakout,MRF.NS,134655.0,129268.8,158892.9,22.50%,2026-01-01,2026-01-15
2026-07-04 02:57:06,V20_Range_Breakout,INDHOTEL.NS,728.6,699.46,859.75,22.50%,2026-01-01,2026-01-15
2026-07-04 02:57:06,V20_Range_Breakout,LALPATHLAB.NS,1645.7,1579.87,1941.93,22.50%,2026-01-01,2026-01-15
2026-07-04 02:57:06,V20_Range_Breakout,PGHH.NS,8902.0,8545.92,10504.36,22.50%,2026-01-01,2026-01-15
2026-07-04 02:57:06,V20_Range_Breakout,GODREJCP.NS,1076.9,1033.82,1270.74,22.50%,2026-01-01,2026-01-15
2026-07-04 03:09:02,V20_Range_Breakout,KAJARIACER.NS,1202.3,945.5,1178.0,24.59%,2026-04-01,2026-04-15
2026-07-04 03:09:02,V20_Range_Breakout,MARICO.NS,838.55,805.01,989.49,22.50%,2026-01-01,2026-01-15
2026-07-04 03:09:02,V20_Range_Breakout,MRF.NS,134655.0,129268.8,158892.9,22.50%,2026-01-01,2026-01-15
2026-07-04 03:09:02,V20_Range_Breakout,HDFCLIFE.NS,567.7,544.99,669.89,22.50%,2026-01-01,2026-01-15
2026-07-04 03:09:02,V20_Range_Breakout,BSE.NS,3816.6,2391.0,2918.0,22.04%,2025-05-29,2025-06-05
2026-07-04 03:09:02,V20_Range_Breakout,VOLTAS.NS,1280.2,1125.16,1394.41,23.93%,2025-02-01,2025-02-03
2026-07-04 03:09:02,V20_Range_Breakout,TITAN.NS,4461.1,4282.66,5264.1,22.50%,2026-01-01,2026-01-15
2026-07-04 03:09:02,V20_Range_Breakout,ADANIPORTS.NS,1874.2,1799.23,2211.56,22.50%,2026-01-01,2026-01-15
2026-07-04 03:09:02,V20_Range_Breakout,ANGELONE.NS,352.25,228.45,284.2,24.40%,2026-04-01,2026-04-09
2026-07-04 03:09:02,V20_Range_Breakout,ASIANPAINT.NS,2737.8,2628.29,3230.6,22.50%,2026-01-01,2026-01-15
2026-07-04 03:09:02,V20_Range_Breakout,VBL.NS,515.8,394.43,474.75,20.36%,2026-04-07,2026-04-17
2026-07-04 03:09:02,V20_Range_Breakout,INFY.NS,1047.2,1005.31,1235.7,22.50%,2026-01-01,2026-01-15
2026-07-04 03:09:02,V20_Range_Breakout,UNITDSPR.NS,1393.3,1337.57,1644.09,22.50%,2026-01-01,2026-01-15
2026-07-04 03:09:02,V20_Range_Breakout,JIOFIN.NS,239.35,271.48,346.46,27.62%,2024-02-19,2024-02-23
2026-07-04 03:09:02,V20_Range_Breakout,ACC.NS,1393.8,1338.05,1644.68,22.50%,2026-01-01,2026-01-15
2026-07-04 03:09:02,V20_Range_Breakout,HCLTECH.NS,1139.0,1093.44,1344.02,22.50%,2026-01-01,2026-01-15
2026-07-04 03:09:02,V20_Range_Breakout,CAMS.NS,798.35,874.48,1049.83,20.05%,2024-11-25,2024-12-05
2026-07-04 03:09:02,V20_Range_Breakout,TEAMLEASE.NS,1421.3,2854.65,3478.0,21.84%,2024-07-23,2024-07-29
2026-07-04 03:09:02,V20_Range_Breakout,BAJFINANCE.NS,1031.4,990.14,1217.05,22.50%,2026-01-01,2026-01-15
2026-07-04 03:09:02,V20_Range_Breakout,NESTLEIND.NS,1459.8,1401.41,1722.56,22.50%,2026-01-01,2026-01-15
2026-07-04 03:09:02,V20_Range_Breakout,RELAXO.NS,397.15,381.26,468.64,22.50%,2026-01-01,2026-01-15
2026-07-04 03:09:02,V20_Range_Breakout,DMART.NS,3994.4,3685.1,4562.6,23.81%,2026-03-24,2026-04-06
2026-07-04 03:09:02,V20_Range_Breakout,CIPLA.NS,1458.2,1399.87,1720.68,22.50%,2026-01-01,2026-01-15
2026-07-04 03:09:02,V20_Range_Breakout,DIXON.NS,12456.0,12749.33,16820.51,31.93%,2025-04-09,2025-04-22
2026-07-04 03:09:02,V20_Range_Breakout,ABBOTINDIA.NS,25895.0,24859.2,30556.1,22.50%,2026-01-01,2026-01-15
2026-07-04 03:09:02,V20_Range_Breakout,LT.NS,4026.6,3865.54,4751.39,22.50%,2026-01-01,2026-01-15
2026-07-04 03:09:02,V20_Range_Breakout,QUESS.NS,290.85,240.59,294.0,22.20%,2026-06-30,2026-07-03
2026-07-04 03:09:02,V20_Range_Breakout,JSWINFRA.NS,326.05,313.01,384.74,22.50%,2026-01-01,2026-01-15
2026-07-04 03:09:02,V20_Range_Breakout,BLUESTARCO.NS,1583.2,1581.5,1921.0,21.47%,2026-04-08,2026-04-20
2026-07-04 03:09:02,V20_Range_Breakout,INDHOTEL.NS,728.6,699.46,859.75,22.50%,2026-01-01,2026-01-15
2026-07-04 03:09:02,V20_Range_Breakout,PIDILITIND.NS,1598.0,1534.08,1885.64,22.50%,2026-01-01,2026-01-15
2026-07-04 03:09:02,V20_Range_Breakout,HYUNDAI.NS,1993.4,1913.66,2352.21,22.50%,2026-01-01,2026-01-15
2026-07-04 03:09:02,V20_Range_Breakout,SANOFI.NS,3425.0,5620.1,10037.9,78.61%,2024-06-07,2024-06-13
2026-07-04 03:09:02,V20_Range_Breakout,COLPAL.NS,2047.0,1965.12,2415.46,22.50%,2026-01-01,2026-01-15
2026-07-04 03:09:02,V20_Range_Breakout,CDSL.NS,1350.6,1296.58,1593.71,22.50%,2026-01-01,2026-01-15
2026-07-04 03:09:02,V20_Range_Breakout,PFIZER.NS,4568.6,4280.78,5692.32,32.97%,2025-05-19,2025-06-05
2026-07-04 03:09:02,V20_Range_Breakout,HAVELLS.NS,1181.1,1373.11,1654.06,20.46%,2025-04-07,2025-04-22
2026-07-04 03:09:02,V20_Range_Breakout,HONAUT.NS,39515.0,28540.0,36550.0,28.07%,2026-05-19,2026-05-22
2026-07-04 03:09:02,V20_Range_Breakout,BOSCHLTD.NS,41895.0,29120.0,37670.0,29.36%,2026-04-01,2026-04-10
2026-07-04 03:09:02,V20_Range_Breakout,SBIN.NS,1040.0,998.4,1227.2,22.50%,2026-01-01,2026-01-15
2026-07-04 03:09:02,V20_Range_Breakout,GLAXO.NS,2395.5,1894.45,2642.36,39.48%,2025-02-14,2025-02-20
2026-07-04 03:09:02,V20_Range_Breakout,AWL.NS,191.11,183.47,225.51,22.50%,2026-01-01,2026-01-15
2026-07-04 03:09:02,V20_Range_Breakout,KOTAKBANK.NS,396.75,380.88,468.16,22.50%,2026-01-01,2026-01-15
2026-07-04 03:09:02,V20_Range_Breakout,NAM-INDIA.NS,1218.2,304.5,369.14,21.23%,2023-10-09,2023-10-13
2026-07-04 03:09:02,V20_Range_Breakout,BATAINDIA.NS,696.6,668.74,821.99,22.50%,2026-01-01,2026-01-15
2026-07-04 03:09:02,V20_Range_Breakout,UBL.NS,1345.0,1291.2,1587.1,22.50%,2026-01-01,2026-01-15
2026-07-04 03:09:02,V20_Range_Breakout,PGHH.NS,8902.0,8545.92,10504.36,22.50%,2026-01-01,2026-01-15
2026-07-04 03:09:02,V20_Range_Breakout,ICICIBANK.NS,1411.4,1354.94,1665.45,22.50%,2026-01-01,2026-01-15
2026-07-04 03:09:02,V20_Range_Breakout,ITC.NS,289.95,278.35,342.14,22.50%,2026-01-01,2026-01-15
2026-07-04 03:09:02,V20_Range_Breakout,M&M.NS,3136.9,3011.42,3701.54,22.50%,2026-01-01,2026-01-15
2026-07-04 03:09:02,V20_Range_Breakout,MARUTI.NS,14366.0,13791.36,16951.88,22.50%,2026-01-01,2026-01-15
2026-07-04 03:09:02,V20_Range_Breakout,HDFCBANK.NS,801.05,769.01,945.24,22.50%,2026-01-01,2026-01-15
2026-07-04 03:09:02,V20_Range_Breakout,HDFCAMC.NS,2800.2,2688.19,3304.24,22.50%,2026-01-01,2026-01-15
2026-07-04 03:09:02,V20_Range_Breakout,ASTRAZEN.NS,8310.5,7793.36,9998.82,28.30%,2025-05-29,2025-06-05
2026-07-04 03:09:02,V20_Range_Breakout,MEDANTA.NS,1350.7,1009.64,1259.55,24.75%,2025-04-07,2025-04-08
2026-07-04 03:09:02,V20_Range_Breakout,MCX.NS,2814.0,903.55,1187.07,31.38%,2025-04-07,2025-04-21
2026-07-04 03:09:02,V20_Range_Breakout,RADICO.NS,3892.3,2710.0,3365.0,24.17%,2026-04-10,2026-04-20
2026-07-04 03:09:02,V20_Range_Breakout,ICICIGI.NS,1772.8,1701.89,2091.9,22.50%,2026-01-01,2026-01-15
2026-07-04 03:09:02,V20_Range_Breakout,ERIS.NS,1431.1,1091.34,1389.64,27.33%,2025-04-07,2025-04-11
2026-07-04 03:09:02,V20_Range_Breakout,BAJAJ-AUTO.NS,9785.5,9394.08,11546.89,22.50%,2026-01-01,2026-01-15
2026-07-04 03:09:02,V20_Range_Breakout,APOLLOHOSP.NS,8893.5,8537.76,10494.33,22.50%,2026-01-01,2026-01-15
2026-07-04 03:09:02,V20_Range_Breakout,RELIANCE.NS,1304.0,1251.84,1538.72,22.50%,2026-01-01,2026-01-15
2026-07-04 03:09:02,V20_Range_Breakout,BAJAJFINSV.NS,1895.6,1819.78,2236.81,22.50%,2026-01-01,2026-01-15
2026-07-04 03:09:02,V20_Range_Breakout,LALPATHLAB.NS,1645.7,1579.87,1941.93,22.50%,2026-01-01,2026-01-15
2026-07-04 03:09:02,V20_Range_Breakout,ULTRACEMCO.NS,11723.0,11254.08,13833.14,22.50%,2026-01-01,2026-01-15
2026-07-04 03:09:02,V20_Range_Breakout,AXISBANK.NS,1342.1,1288.42,1583.68,22.50%,2026-01-01,2026-01-15
2026-07-04 03:09:02,V20_Range_Breakout,HINDUNILVR.NS,2201.2,2113.15,2597.42,22.50%,2026-01-01,2026-01-15
2026-07-04 03:09:02,V20_Range_Breakout,PAGEIND.NS,42800.0,41088.0,50504.0,22.50%,2026-01-01,2026-01-15
2026-07-04 03:09:02,V20_Range_Breakout,GODREJCP.NS,1076.9,1033.82,1270.74,22.50%,2026-01-01,2026-01-15
2026-07-04 03:09:02,V20_Range_Breakout,TCS.NS,2093.5,2009.76,2470.33,22.50%,2026-01-01,2026-01-15
2026-07-04 03:09:02,V20_Range_Breakout,GILLETTE.NS,7610.5,7265.28,8796.35,21.07%,2025-02-18,2025-02-20
2026-07-04 03:09:02,V20_Range_Breakout,EICHERMOT.NS,7339.5,7045.92,8660.61,22.50%,2026-01-01,2026-01-15
2026-07-04 03:09:02,V20_Range_Breakout,ICICIPRULI.NS,485.25,465.84,572.59,22.50%,2026-01-01,2026-01-15
2026-07-04 03:09:02,V20_Range_Breakout,FORTIS.NS,974.6,935.62,1150.03,22.50%,2026-01-01,2026-01-15
2026-07-04 03:09:02,V20_Range_Breakout,DABUR.NS,444.35,426.58,524.33,22.50%,2026-01-01,2026-01-15
2026-07-06 10:15:10,V20_Range_Breakout,PIDILITIND.NS,1616.9,1552.22,1907.94,22.50%,2026-01-01,2026-01-15
2026-07-06 10:15:10,V20_Range_Breakout,BSE.NS,3802.7,2391.0,2918.0,22.04%,2025-05-29,2025-06-05
2026-07-06 10:15:10,V20_Range_Breakout,COLPAL.NS,2079.6,1996.42,2453.93,22.50%,2026-01-01,2026-01-15
2026-07-06 10:15:10,V20_Range_Breakout,HAVELLS.NS,1181.5,1373.11,1654.06,20.46%,2025-04-07,2025-04-22
2026-07-06 10:15:10,V20_Range_Breakout,ASIANPAINT.NS,2754.9,2644.7,3250.78,22.50%,2026-01-01,2026-01-15
2026-07-06 10:15:10,V20_Range_Breakout,SANOFI.NS,3445.7,5620.1,10037.9,78.61%,2024-06-07,2024-06-13
2026-07-06 10:15:10,V20_Range_Breakout,KOTAKBANK.NS,381.3,366.05,449.93,22.50%,2026-01-01,2026-01-15
2026-07-06 10:15:10,V20_Range_Breakout,VOLTAS.NS,1284.5,1125.16,1394.41,23.93%,2025-02-01,2025-02-03
2026-07-06 10:15:10,V20_Range_Breakout,DABUR.NS,449.75,431.76,530.7,22.50%,2026-01-01,2026-01-15
2026-07-06 10:15:10,V20_Range_Breakout,GODREJCP.NS,1100.6,1056.58,1298.71,22.50%,2026-01-01,2026-01-15
2026-07-06 10:15:10,V20_Range_Breakout,MRF.NS,135640.0,130214.4,160055.2,22.50%,2026-01-01,2026-01-15
2026-07-06 10:15:10,V20_Range_Breakout,PGHH.NS,8962.0,8603.52,10575.16,22.50%,2026-01-01,2026-01-15
2026-07-06 10:15:10,V20_Range_Breakout,ANGELONE.NS,345.95,228.45,284.2,24.40%,2026-04-01,2026-04-09
2026-07-06 10:15:10,V20_Range_Breakout,CIPLA.NS,1472.3,1413.41,1737.31,22.50%,2026-01-01,2026-01-15
2026-07-06 10:15:10,V20_Range_Breakout,ADANIPORTS.NS,1864.4,1789.82,2199.99,22.50%,2026-01-01,2026-01-15
2026-07-06 10:15:10,V20_Range_Breakout,RELAXO.NS,400.75,384.72,472.88,22.50%,2026-01-01,2026-01-15
2026-07-06 10:15:10,V20_Range_Breakout,FORTIS.NS,980.05,940.85,1156.46,22.50%,2026-01-01,2026-01-15
2026-07-06 10:15:10,V20_Range_Breakout,AWL.NS,190.77,183.14,225.11,22.50%,2026-01-01,2026-01-15
2026-07-06 10:15:10,V20_Range_Breakout,MCX.NS,2723.1,903.55,1187.07,31.38%,2025-04-07,2025-04-21
2026-07-06 10:15:10,V20_Range_Breakout,ACC.NS,1397.1,1341.22,1648.58,22.50%,2026-01-01,2026-01-15
2026-07-06 10:15:10,V20_Range_Breakout,TCS.NS,2057.6,1975.3,2427.97,22.50%,2026-01-01,2026-01-15
2026-07-06 10:15:10,V20_Range_Breakout,ICICIBANK.NS,1426.9,1369.82,1683.74,22.50%,2026-01-01,2026-01-15
2026-07-06 10:15:10,V20_Range_Breakout,LALPATHLAB.NS,1686.0,1618.56,1989.48,22.50%,2026-01-01,2026-01-15
2026-07-06 10:15:10,V20_Range_Breakout,ULTRACEMCO.NS,11661.0,11194.56,13759.98,22.50%,2026-01-01,2026-01-15
2026-07-06 10:15:10,V20_Range_Breakout,GILLETTE.NS,7772.5,7265.28,8796.35,21.07%,2025-02-18,2025-02-20
2026-07-06 10:15:10,V20_Range_Breakout,NAM-INDIA.NS,1207.5,304.5,369.14,21.23%,2023-10-09,2023-10-13
2026-07-06 10:15:10,V20_Range_Breakout,JIOFIN.NS,240.0,271.48,346.46,27.62%,2024-02-19,2024-02-23
2026-07-06 10:15:10,V20_Range_Breakout,QUESS.NS,293.55,240.59,294.85,22.55%,2026-06-30,2026-07-06
2026-07-06 10:15:10,V20_Range_Breakout,BAJAJ-AUTO.NS,10036.5,9635.04,11843.07,22.50%,2026-01-01,2026-01-15
2026-07-06 10:15:10,V20_Range_Breakout,GLAXO.NS,2402.2,1894.45,2642.36,39.48%,2025-02-14,2025-02-20
2026-07-06 10:15:10,V20_Range_Breakout,ABBOTINDIA.NS,26860.0,25785.6,31694.8,22.50%,2026-01-01,2026-01-15
2026-07-06 10:15:10,V20_Range_Breakout,VBL.NS,494.85,394.43,474.75,20.36%,2026-04-07,2026-04-17
2026-07-06 10:15:10,V20_Range_Breakout,MEDANTA.NS,1351.1,1009.64,1259.55,24.75%,2025-04-07,2025-04-08
2026-07-06 10:15:10,V20_Range_Breakout,UBL.NS,1369.2,1314.43,1615.66,22.50%,2026-01-01,2026-01-15
2026-07-06 10:15:10,V20_Range_Breakout,PAGEIND.NS,42510.0,40809.6,50161.8,22.50%,2026-01-01,2026-01-15
2026-07-06 10:15:10,V20_Range_Breakout,JSWINFRA.NS,324.0,311.04,382.32,22.50%,2026-01-01,2026-01-15
2026-07-06 10:15:10,V20_Range_Breakout,MARUTI.NS,14456.0,13877.76,17058.08,22.50%,2026-01-01,2026-01-15
2026-07-06 10:15:10,V20_Range_Breakout,UNITDSPR.NS,1427.3,1370.21,1684.21,22.50%,2026-01-01,2026-01-15
2026-07-06 10:15:10,V20_Range_Breakout,INFY.NS,1042.2,1000.51,1229.8,22.50%,2026-01-01,2026-01-15
2026-07-06 10:15:10,V20_Range_Breakout,TEAMLEASE.NS,1399.9,2854.65,3478.0,21.84%,2024-07-23,2024-07-29
2026-07-06 10:15:10,V20_Range_Breakout,BAJAJFINSV.NS,1870.7,1795.87,2207.43,22.50%,2026-01-01,2026-01-15
2026-07-06 10:15:10,V20_Range_Breakout,ICICIGI.NS,1785.4,1713.98,2106.77,22.50%,2026-01-01,2026-01-15
2026-07-06 10:15:10,V20_Range_Breakout,TITAN.NS,4484.4,4305.02,5291.59,22.50%,2026-01-01,2026-01-15
2026-07-06 10:15:10,V20_Range_Breakout,EICHERMOT.NS,7471.5,7172.64,8816.37,22.50%,2026-01-01,2026-01-15
2026-07-06 10:15:10,V20_Range_Breakout,HINDUNILVR.NS,2202.0,2113.92,2598.36,22.50%,2026-01-01,2026-01-15
2026-07-06 10:15:10,V20_Range_Breakout,HONAUT.NS,38515.0,28540.0,36550.0,28.07%,2026-05-19,2026-05-22
2026-07-06 10:15:10,V20_Range_Breakout,HDFCAMC.NS,2773.4,2662.46,3272.61,22.50%,2026-01-01,2026-01-15
2026-07-06 10:15:10,V20_Range_Breakout,RADICO.NS,4106.7,2710.0,3365.0,24.17%,2026-04-10,2026-04-20
2026-07-06 10:15:10,V20_Range_Breakout,CAMS.NS,788.8,874.48,1049.83,20.05%,2024-11-25,2024-12-05
2026-07-06 10:15:10,V20_Range_Breakout,BLUESTARCO.NS,1597.8,1581.5,1921.0,21.47%,2026-04-08,2026-04-20
2026-07-06 10:15:10,V20_Range_Breakout,KAJARIACER.NS,1215.5,945.5,1178.0,24.59%,2026-04-01,2026-04-15
2026-07-06 10:15:10,V20_Range_Breakout,ITC.NS,288.25,276.72,340.13,22.50%,2026-01-01,2026-01-15
2026-07-06 10:15:10,V20_Range_Breakout,AXISBANK.NS,1339.6,1286.02,1580.73,22.50%,2026-01-01,2026-01-15
2026-07-06 10:15:10,V20_Range_Breakout,BAJFINANCE.NS,1029.1,987.94,1214.34,22.50%,2026-01-01,2026-01-15
2026-07-06 10:15:10,V20_Range_Breakout,ERIS.NS,1449.4,1091.34,1389.64,27.33%,2025-04-07,2025-04-11
2026-07-06 10:15:10,V20_Range_Breakout,BOSCHLTD.NS,42125.0,29120.0,37670.0,29.36%,2026-04-01,2026-04-10
2026-07-06 10:15:10,V20_Range_Breakout,DMART.NS,4064.7,3685.1,4562.6,23.81%,2026-03-24,2026-04-06
2026-07-06 10:15:10,V20_Range_Breakout,HDFCBANK.NS,829.85,796.66,979.22,22.50%,2026-01-01,2026-01-15
2026-07-06 10:15:10,V20_Range_Breakout,LT.NS,4041.0,3879.36,4768.38,22.50%,2026-01-01,2026-01-15
2026-07-06 10:15:10,V20_Range_Breakout,ICICIPRULI.NS,485.1,465.7,572.42,22.50%,2026-01-01,2026-01-15
2026-07-06 10:15:10,V20_Range_Breakout,ASTRAZEN.NS,8236.0,7793.36,9998.82,28.30%,2025-05-29,2025-06-05
2026-07-06 10:15:10,V20_Range_Breakout,DIXON.NS,13304.0,12749.33,16820.51,31.93%,2025-04-09,2025-04-22
2026-07-06 10:15:10,V20_Range_Breakout,INDHOTEL.NS,738.15,708.62,871.02,22.50%,2026-01-01,2026-01-15
2026-07-06 10:15:10,V20_Range_Breakout,MARICO.NS,838.1,804.58,988.96,22.50%,2026-01-01,2026-01-15
2026-07-06 10:15:10,V20_Range_Breakout,PFIZER.NS,4577.7,4280.78,5692.32,32.97%,2025-05-19,2025-06-05
2026-07-06 10:15:10,V20_Range_Breakout,RELIANCE.NS,1321.3,1268.45,1559.13,22.50%,2026-01-01,2026-01-15
2026-07-06 10:15:10,V20_Range_Breakout,HDFCLIFE.NS,564.2,541.63,665.76,22.50%,2026-01-01,2026-01-15
2026-07-06 10:15:10,V20_Range_Breakout,NESTLEIND.NS,1473.7,1414.75,1738.97,22.50%,2026-01-01,2026-01-15
2026-07-06 10:15:10,V20_Range_Breakout,HCLTECH.NS,1134.2,1088.83,1338.36,22.50%,2026-01-01,2026-01-15
2026-07-06 10:15:10,V20_Range_Breakout,APOLLOHOSP.NS,8888.5,8532.96,10488.43,22.50%,2026-01-01,2026-01-15
2026-07-06 10:15:10,V20_Range_Breakout,M&M.NS,3201.2,3073.15,3777.42,22.50%,2026-01-01,2026-01-15
2026-07-06 10:15:10,V20_Range_Breakout,BATAINDIA.NS,689.1,661.54,813.14,22.50%,2026-01-01,2026-01-15
2026-07-06 10:15:10,V20_Range_Breakout,CDSL.NS,1358.6,1304.26,1603.15,22.50%,2026-01-01,2026-01-15
2026-07-06 10:15:10,V20_Range_Breakout,HYUNDAI.NS,2004.4,1924.22,2365.19,22.50%,2026-01-01,2026-01-15
2026-07-06 10:15:10,V20_Range_Breakout,SBIN.NS,1037.7,996.19,1224.49,22.50%,2026-01-01,2026-01-15
2026-07-07 09:37:22,V20_Range_Breakout,GILLETTE.NS,7866.5,7265.28,8796.35,21.07%,2025-02-18,2025-02-20
2026-07-07 09:37:22,V20_Range_Breakout,ADANIPORTS.NS,1838.3,1764.77,2169.19,22.50%,2026-01-01,2026-01-15
2026-07-07 09:37:22,V20_Range_Breakout,CAMS.NS,778.0,874.48,1049.83,20.05%,2024-11-25,2024-12-05
2026-07-07 09:37:22,V20_Range_Breakout,PAGEIND.NS,41815.0,40142.4,49341.7,22.50%,2026-01-01,2026-01-15
2026-07-07 09:37:22,V20_Range_Breakout,RELIANCE.NS,1309.7,1257.31,1545.45,22.50%,2026-01-01,2026-01-15
2026-07-07 09:37:22,V20_Range_Breakout,BOSCHLTD.NS,41985.0,29120.0,37670.0,29.36%,2026-04-01,2026-04-10
2026-07-07 09:37:22,V20_Range_Breakout,INFY.NS,1071.2,1028.35,1264.02,22.50%,2026-01-01,2026-01-15
2026-07-07 09:37:22,V20_Range_Breakout,HAVELLS.NS,1224.6,1373.11,1654.06,20.46%,2025-04-07,2025-04-22
2026-07-07 09:37:22,V20_Range_Breakout,ITC.NS,289.0,277.44,341.02,22.50%,2026-01-01,2026-01-15
2026-07-07 09:37:22,V20_Range_Breakout,NESTLEIND.NS,1473.5,1414.56,1738.73,22.50%,2026-01-01,2026-01-15
2026-07-07 09:37:22,V20_Range_Breakout,MRF.NS,138620.0,133075.2,163571.6,22.50%,2026-01-01,2026-01-15
2026-07-07 09:37:22,V20_Range_Breakout,LT.NS,3993.7,3833.95,4712.57,22.50%,2026-01-01,2026-01-15
2026-07-07 09:37:22,V20_Range_Breakout,HCLTECH.NS,1166.5,1119.84,1376.47,22.50%,2026-01-01,2026-01-15
2026-07-07 09:37:22,V20_Range_Breakout,VBL.NS,485.35,394.43,474.75,20.36%,2026-04-07,2026-04-17
2026-07-07 09:37:22,V20_Range_Breakout,NAM-INDIA.NS,1195.8,304.5,369.14,21.23%,2023-10-09,2023-10-13
2026-07-07 09:37:22,V20_Range_Breakout,DMART.NS,4070.8,3685.1,4562.6,23.81%,2026-03-24,2026-04-06
2026-07-07 09:37:22,V20_Range_Breakout,HDFCAMC.NS,2794.7,2682.91,3297.75,22.50%,2026-01-01,2026-01-15
2026-07-07 09:37:22,V20_Range_Breakout,ABBOTINDIA.NS,26600.0,25536.0,31388.0,22.50%,2026-01-01,2026-01-15
2026-07-07 09:37:22,V20_Range_Breakout,VOLTAS.NS,1289.3,1125.16,1394.41,23.93%,2025-02-01,2025-02-03
2026-07-07 09:37:22,V20_Range_Breakout,ULTRACEMCO.NS,11665.0,11198.4,13764.7,22.50%,2026-01-01,2026-01-15
2026-07-07 09:37:22,V20_Range_Breakout,HDFCLIFE.NS,572.5,549.6,675.55,22.50%,2026-01-01,2026-01-15
2026-07-07 09:37:22,V20_Range_Breakout,BSE.NS,3688.8,2391.0,2918.0,22.04%,2025-05-29,2025-06-05
2026-07-07 09:37:22,V20_Range_Breakout,AXISBANK.NS,1342.9,1289.18,1584.62,22.50%,2026-01-01,2026-01-15
2026-07-07 09:37:22,V20_Range_Breakout,ICICIBANK.NS,1415.3,1358.69,1670.05,22.50%,2026-01-01,2026-01-15
2026-07-07 09:37:22,V20_Range_Breakout,JSWINFRA.NS,322.75,309.84,380.84,22.50%,2026-01-01,2026-01-15
2026-07-07 09:37:22,V20_Range_Breakout,GODREJCP.NS,1095.2,1051.39,1292.34,22.50%,2026-01-01,2026-01-15
2026-07-07 09:37:22,V20_Range_Breakout,MEDANTA.NS,1327.1,1009.64,1259.55,24.75%,2025-04-07,2025-04-08
2026-07-07 09:37:22,V20_Range_Breakout,M&M.NS,3202.9,3074.78,3779.42,22.50%,2026-01-01,2026-01-15
2026-07-07 09:37:22,V20_Range_Breakout,TITAN.NS,4615.1,4430.5,5445.82,22.50%,2026-01-01,2026-01-15
2026-07-07 09:37:22,V20_Range_Breakout,INDHOTEL.NS,745.2,715.39,879.34,22.50%,2026-01-01,2026-01-15
2026-07-07 09:37:22,V20_Range_Breakout,ERIS.NS,1437.7,1091.34,1389.64,27.33%,2025-04-07,2025-04-11
2026-07-07 09:37:22,V20_Range_Breakout,ICICIPRULI.NS,488.5,468.96,576.43,22.50%,2026-01-01,2026-01-15
2026-07-07 09:37:22,V20_Range_Breakout,MARUTI.NS,14550.0,13968.0,17169.0,22.50%,2026-01-01,2026-01-15
2026-07-07 09:37:22,V20_Range_Breakout,HYUNDAI.NS,1984.6,1905.22,2341.83,22.50%,2026-01-01,2026-01-15
2026-07-07 09:37:22,V20_Range_Breakout,RELAXO.NS,393.5,377.76,464.33,22.50%,2026-01-01,2026-01-15
2026-07-07 09:37:22,V20_Range_Breakout,MCX.NS,2647.0,903.55,1187.07,31.38%,2025-04-07,2025-04-21
2026-07-07 09:37:22,V20_Range_Breakout,SBIN.NS,1039.0,997.44,1226.02,22.50%,2026-01-01,2026-01-15
2026-07-07 09:37:22,V20_Range_Breakout,APOLLOHOSP.NS,8833.5,8480.16,10423.53,22.50%,2026-01-01,2026-01-15
2026-07-07 09:37:22,V20_Range_Breakout,ICICIGI.NS,1791.5,1719.84,2113.97,22.50%,2026-01-01,2026-01-15
2026-07-07 09:37:22,V20_Range_Breakout,DIXON.NS,13250.0,12749.33,16820.51,31.93%,2025-04-09,2025-04-22
2026-07-07 09:37:22,V20_Range_Breakout,PGHH.NS,9004.5,8644.32,10625.31,22.50%,2026-01-01,2026-01-15
2026-07-07 09:37:22,V20_Range_Breakout,ASTRAZEN.NS,8172.5,7793.36,9998.82,28.30%,2025-05-29,2025-06-05
2026-07-07 09:37:22,V20_Range_Breakout,RADICO.NS,4107.6,2710.0,3365.0,24.17%,2026-04-10,2026-04-20
2026-07-07 09:37:22,V20_Range_Breakout,UBL.NS,1360.4,1305.98,1605.27,22.50%,2026-01-01,2026-01-15
2026-07-07 09:37:22,V20_Range_Breakout,HDFCBANK.NS,830.0,796.8,979.4,22.50%,2026-01-01,2026-01-15
2026-07-07 09:37:22,V20_Range_Breakout,LALPATHLAB.NS,1679.9,1612.7,1982.28,22.50%,2026-01-01,2026-01-15
2026-07-07 09:37:22,V20_Range_Breakout,BAJAJ-AUTO.NS,10119.0,9714.24,11940.42,22.50%,2026-01-01,2026-01-15
2026-07-07 09:37:22,V20_Range_Breakout,KOTAKBANK.NS,380.95,365.71,449.52,22.50%,2026-01-01,2026-01-15
2026-07-07 09:37:22,V20_Range_Breakout,TCS.NS,2095.5,2011.68,2472.69,22.50%,2026-01-01,2026-01-15
2026-07-07 09:37:22,V20_Range_Breakout,ANGELONE.NS,336.15,228.45,284.2,24.40%,2026-04-01,2026-04-09
2026-07-07 09:37:22,V20_Range_Breakout,FORTIS.NS,974.9,935.9,1150.38,22.50%,2026-01-01,2026-01-15
2026-07-07 09:37:22,V20_Range_Breakout,JIOFIN.NS,243.23,271.48,346.46,27.62%,2024-02-19,2024-02-23
2026-07-07 09:37:22,V20_Range_Breakout,BAJFINANCE.NS,1044.1,1002.34,1232.04,22.50%,2026-01-01,2026-01-15
2026-07-07 09:37:22,V20_Range_Breakout,MARICO.NS,846.85,812.98,999.28,22.50%,2026-01-01,2026-01-15
2026-07-07 09:37:22,V20_Range_Breakout,ACC.NS,1386.5,1331.04,1636.07,22.50%,2026-01-01,2026-01-15
2026-07-07 09:37:22,V20_Range_Breakout,UNITDSPR.NS,1439.6,1382.02,1698.73,22.50%,2026-01-01,2026-01-15
2026-07-07 09:37:22,V20_Range_Breakout,QUESS.NS,299.6,240.59,302.5,25.73%,2026-06-30,2026-07-07
2026-07-07 09:37:22,V20_Range_Breakout,EICHERMOT.NS,7549.5,7247.52,8908.41,22.50%,2026-01-01,2026-01-15
2026-07-07 09:37:22,V20_Range_Breakout,BAJAJFINSV.NS,1886.2,1810.75,2225.72,22.50%,2026-01-01,2026-01-15
2026-07-07 09:37:22,V20_Range_Breakout,HINDUNILVR.NS,2211.1,2122.66,2609.1,22.50%,2026-01-01,2026-01-15
2026-07-07 09:37:22,V20_Range_Breakout,AWL.NS,185.5,178.08,218.89,22.50%,2026-01-01,2026-01-15
2026-07-07 09:37:22,V20_Range_Breakout,CIPLA.NS,1451.3,1393.25,1712.53,22.50%,2026-01-01,2026-01-15
2026-07-07 09:37:22,V20_Range_Breakout,KAJARIACER.NS,1211.7,945.5,1178.0,24.59%,2026-04-01,2026-04-15
2026-07-07 09:37:22,V20_Range_Breakout,PFIZER.NS,4520.1,4280.78,5692.32,32.97%,2025-05-19,2025-06-05
2026-07-07 09:37:22,V20_Range_Breakout,TEAMLEASE.NS,1401.5,2854.65,3478.0,21.84%,2024-07-23,2024-07-29
2026-07-07 09:37:22,V20_Range_Breakout,SANOFI.NS,3463.0,5620.1,10037.9,78.61%,2024-06-07,2024-06-13
2026-07-07 09:37:22,V20_Range_Breakout,COLPAL.NS,2077.6,1994.5,2451.57,22.50%,2026-01-01,2026-01-15
2026-07-07 09:37:22,V20_Range_Breakout,PIDILITIND.NS,1625.6,1560.58,1918.21,22.50%,2026-01-01,2026-01-15
2026-07-07 09:37:22,V20_Range_Breakout,HONAUT.NS,38105.0,28540.0,36550.0,28.07%,2026-05-19,2026-05-22
2026-07-07 09:37:22,V20_Range_Breakout,BATAINDIA.NS,686.95,659.47,810.6,22.50%,2026-01-01,2026-01-15
2026-07-07 09:37:22,V20_Range_Breakout,CDSL.NS,1361.4,1306.94,1606.45,22.50%,2026-01-01,2026-01-15
2026-07-07 09:37:22,V20_Range_Breakout,BLUESTARCO.NS,1606.7,1581.5,1921.0,21.47%,2026-04-08,2026-04-20
2026-07-07 09:37:22,V20_Range_Breakout,GLAXO.NS,2393.5,1894.45,2642.36,39.48%,2025-02-14,2025-02-20
2026-07-07 09:37:22,V20_Range_Breakout,DABUR.NS,454.0,435.84,535.72,22.50%,2026-01-01,2026-01-15
2026-07-07 09:37:22,V20_Range_Breakout,ASIANPAINT.NS,2732.0,2622.72,3223.76,22.50%,2026-01-01,2026-01-15
2026-07-07 12:26:01,V20_Range_Breakout,FORTIS.NS,971.9,933.02,1146.84,22.50%,2026-01-01,2026-01-15
2026-07-07 12:26:01,V20_Range_Breakout,PGHH.NS,9000.0,8640.0,10620.0,22.50%,2026-01-01,2026-01-15
2026-07-07 12:26:01,V20_Range_Breakout,VBL.NS,484.25,394.43,474.75,20.36%,2026-04-07,2026-04-17
2026-07-07 12:26:01,V20_Range_Breakout,DIXON.NS,13242.0,12749.33,16820.51,31.93%,2025-04-09,2025-04-22
2026-07-07 12:26:01,V20_Range_Breakout,INDHOTEL.NS,745.95,716.11,880.22,22.50%,2026-01-01,2026-01-15
2026-07-07 12:26:01,V20_Range_Breakout,GLAXO.NS,2406.5,1894.45,2642.36,39.48%,2025-02-14,2025-02-20
2026-07-07 12:26:01,V20_Range_Breakout,ICICIGI.NS,1794.3,1722.53,2117.27,22.50%,2026-01-01,2026-01-15
2026-07-07 12:26:01,V20_Range_Breakout,MRF.NS,138650.0,133104.0,163607.0,22.50%,2026-01-01,2026-01-15
2026-07-07 12:26:01,V20_Range_Breakout,KOTAKBANK.NS,381.7,366.43,450.41,22.50%,2026-01-01,2026-01-15
2026-07-07 12:26:01,V20_Range_Breakout,NAM-INDIA.NS,1192.6,304.5,369.14,21.23%,2023-10-09,2023-10-13
2026-07-07 12:26:01,V20_Range_Breakout,BAJAJFINSV.NS,1885.3,1809.89,2224.65,22.50%,2026-01-01,2026-01-15
2026-07-07 12:26:01,V20_Range_Breakout,UNITDSPR.NS,1439.4,1381.82,1698.49,22.50%,2026-01-01,2026-01-15
2026-07-07 12:26:01,V20_Range_Breakout,DMART.NS,4070.9,3685.1,4562.6,23.81%,2026-03-24,2026-04-06
2026-07-07 12:26:01,V20_Range_Breakout,KAJARIACER.NS,1211.2,945.5,1178.0,24.59%,2026-04-01,2026-04-15
2026-07-07 12:26:01,V20_Range_Breakout,VOLTAS.NS,1288.0,1125.16,1394.41,23.93%,2025-02-01,2025-02-03
2026-07-07 12:26:01,V20_Range_Breakout,M&M.NS,3196.4,3068.54,3771.75,22.50%,2026-01-01,2026-01-15
2026-07-07 12:26:01,V20_Range_Breakout,RELAXO.NS,392.45,376.75,463.09,22.50%,2026-01-01,2026-01-15
2026-07-07 12:26:01,V20_Range_Breakout,LALPATHLAB.NS,1680.8,1613.57,1983.34,22.50%,2026-01-01,2026-01-15
2026-07-07 12:26:01,V20_Range_Breakout,EICHERMOT.NS,7536.0,7234.56,8892.48,22.50%,2026-01-01,2026-01-15
2026-07-07 12:26:01,V20_Range_Breakout,ASIANPAINT.NS,2731.4,2622.14,3223.05,22.50%,2026-01-01,2026-01-15
2026-07-07 12:26:01,V20_Range_Breakout,HDFCBANK.NS,829.3,796.13,978.57,22.50%,2026-01-01,2026-01-15
2026-07-07 12:26:01,V20_Range_Breakout,ULTRACEMCO.NS,11649.0,11183.04,13745.82,22.50%,2026-01-01,2026-01-15
2026-07-07 12:26:01,V20_Range_Breakout,ICICIPRULI.NS,487.85,468.34,575.66,22.50%,2026-01-01,2026-01-15
2026-07-07 12:26:01,V20_Range_Breakout,HONAUT.NS,38140.0,28540.0,36550.0,28.07%,2026-05-19,2026-05-22
2026-07-07 12:26:01,V20_Range_Breakout,TITAN.NS,4604.2,4420.03,5432.96,22.50%,2026-01-01,2026-01-15
2026-07-07 12:26:01,V20_Range_Breakout,GODREJCP.NS,1097.2,1053.31,1294.7,22.50%,2026-01-01,2026-01-15
2026-07-07 12:26:01,V20_Range_Breakout,CAMS.NS,776.6,874.48,1049.83,20.05%,2024-11-25,2024-12-05
2026-07-07 12:26:01,V20_Range_Breakout,APOLLOHOSP.NS,8837.0,8483.52,10427.66,22.50%,2026-01-01,2026-01-15
2026-07-07 12:26:01,V20_Range_Breakout,ABBOTINDIA.NS,26725.0,25656.0,31535.5,22.50%,2026-01-01,2026-01-15
2026-07-07 12:26:01,V20_Range_Breakout,ITC.NS,288.75,277.2,340.72,22.50%,2026-01-01,2026-01-15
2026-07-07 12:26:01,V20_Range_Breakout,CDSL.NS,1360.0,1305.6,1604.8,22.50%,2026-01-01,2026-01-15
2026-07-07 12:26:01,V20_Range_Breakout,HINDUNILVR.NS,2208.8,2120.45,2606.38,22.50%,2026-01-01,2026-01-15
2026-07-07 12:26:01,V20_Range_Breakout,JIOFIN.NS,243.07,271.48,346.46,27.62%,2024-02-19,2024-02-23
2026-07-07 12:26:01,V20_Range_Breakout,SBIN.NS,1038.1,996.58,1224.96,22.50%,2026-01-01,2026-01-15
2026-07-07 12:26:01,V20_Range_Breakout,QUESS.NS,299.25,240.59,302.5,25.73%,2026-06-30,2026-07-07
2026-07-07 12:26:01,V20_Range_Breakout,ANGELONE.NS,335.8,228.45,284.2,24.40%,2026-04-01,2026-04-09
2026-07-07 12:26:01,V20_Range_Breakout,BAJAJ-AUTO.NS,10109.5,9705.12,11929.21,22.50%,2026-01-01,2026-01-15
2026-07-07 12:26:01,V20_Range_Breakout,INFY.NS,1071.8,1028.93,1264.72,22.50%,2026-01-01,2026-01-15
2026-07-07 12:26:01,V20_Range_Breakout,DABUR.NS,453.5,435.36,535.13,22.50%,2026-01-01,2026-01-15
2026-07-07 12:26:01,V20_Range_Breakout,RADICO.NS,4098.6,2710.0,3365.0,24.17%,2026-04-10,2026-04-20
2026-07-07 12:26:01,V20_Range_Breakout,PAGEIND.NS,41780.0,40108.8,49300.4,22.50%,2026-01-01,2026-01-15
2026-07-07 12:26:01,V20_Range_Breakout,AWL.NS,185.37,177.96,218.74,22.50%,2026-01-01,2026-01-15
2026-07-07 12:26:01,V20_Range_Breakout,HDFCAMC.NS,2783.4,2672.06,3284.41,22.50%,2026-01-01,2026-01-15
2026-07-07 12:26:01,V20_Range_Breakout,ICICIBANK.NS,1414.7,1358.11,1669.35,22.50%,2026-01-01,2026-01-15
2026-07-07 12:26:01,V20_Range_Breakout,MARUTI.NS,14538.0,13956.48,17154.84,22.50%,2026-01-01,2026-01-15
2026-07-07 12:26:01,V20_Range_Breakout,HAVELLS.NS,1225.0,1373.11,1654.06,20.46%,2025-04-07,2025-04-22
2026-07-07 12:26:01,V20_Range_Breakout,TCS.NS,2096.1,2012.26,2473.4,22.50%,2026-01-01,2026-01-15
2026-07-07 12:26:01,V20_Range_Breakout,BAJFINANCE.NS,1042.5,1000.8,1230.15,22.50%,2026-01-01,2026-01-15
2026-07-07 12:26:01,V20_Range_Breakout,CIPLA.NS,1451.8,1393.73,1713.12,22.50%,2026-01-01,2026-01-15
2026-07-07 12:26:01,V20_Range_Breakout,RELIANCE.NS,1308.4,1256.06,1543.91,22.50%,2026-01-01,2026-01-15
2026-07-07 12:26:01,V20_Range_Breakout,ERIS.NS,1435.1,1091.34,1389.64,27.33%,2025-04-07,2025-04-11
2026-07-07 12:26:01,V20_Range_Breakout,PFIZER.NS,4538.7,4280.78,5692.32,32.97%,2025-05-19,2025-06-05
2026-07-07 12:26:01,V20_Range_Breakout,GILLETTE.NS,7860.5,7265.28,8796.35,21.07%,2025-02-18,2025-02-20
2026-07-07 12:26:01,V20_Range_Breakout,TEAMLEASE.NS,1402.4,2854.65,3478.0,21.84%,2024-07-23,2024-07-29
2026-07-07 12:26:01,V20_Range_Breakout,LT.NS,3991.9,3832.22,4710.44,22.50%,2026-01-01,2026-01-15
2026-07-07 12:26:01,V20_Range_Breakout,PIDILITIND.NS,1622.3,1557.41,1914.31,22.50%,2026-01-01,2026-01-15
2026-07-07 12:26:01,V20_Range_Breakout,SANOFI.NS,3461.9,5620.1,10037.9,78.61%,2024-06-07,2024-06-13
2026-07-07 12:26:01,V20_Range_Breakout,UBL.NS,1358.6,1304.26,1603.15,22.50%,2026-01-01,2026-01-15
2026-07-07 12:26:01,V20_Range_Breakout,HYUNDAI.NS,1980.5,1901.28,2336.99,22.50%,2026-01-01,2026-01-15
2026-07-07 12:26:01,V20_Range_Breakout,ADANIPORTS.NS,1833.9,1760.54,2164.0,22.50%,2026-01-01,2026-01-15
2026-07-07 12:26:01,V20_Range_Breakout,HDFCLIFE.NS,572.45,549.55,675.49,22.50%,2026-01-01,2026-01-15
2026-07-07 12:26:01,V20_Range_Breakout,MCX.NS,2643.2,903.55,1187.07,31.38%,2025-04-07,2025-04-21
2026-07-07 12:26:01,V20_Range_Breakout,BLUESTARCO.NS,1605.4,1581.5,1921.0,21.47%,2026-04-08,2026-04-20
2026-07-07 12:26:01,V20_Range_Breakout,BATAINDIA.NS,685.3,657.89,808.65,22.50%,2026-01-01,2026-01-15
2026-07-07 12:26:01,V20_Range_Breakout,AXISBANK.NS,1341.0,1287.36,1582.38,22.50%,2026-01-01,2026-01-15
2026-07-07 12:26:01,V20_Range_Breakout,BSE.NS,3683.4,2391.0,2918.0,22.04%,2025-05-29,2025-06-05
2026-07-07 12:26:01,V20_Range_Breakout,MEDANTA.NS,1324.3,1009.64,1259.55,24.75%,2025-04-07,2025-04-08
2026-07-07 12:26:01,V20_Range_Breakout,ACC.NS,1384.4,1329.02,1633.59,22.50%,2026-01-01,2026-01-15
2026-07-07 12:26:01,V20_Range_Breakout,MARICO.NS,847.65,813.74,1000.23,22.50%,2026-01-01,2026-01-15
2026-07-07 12:26:01,V20_Range_Breakout,COLPAL.NS,2077.2,1994.11,2451.1,22.50%,2026-01-01,2026-01-15
2026-07-07 12:26:01,V20_Range_Breakout,BOSCHLTD.NS,41935.0,29120.0,37670.0,29.36%,2026-04-01,2026-04-10
2026-07-07 12:26:01,V20_Range_Breakout,NESTLEIND.NS,1471.8,1412.93,1736.72,22.50%,2026-01-01,2026-01-15
2026-07-07 12:26:01,V20_Range_Breakout,JSWINFRA.NS,322.45,309.55,380.49,22.50%,2026-01-01,2026-01-15
2026-07-07 12:26:01,V20_Range_Breakout,HCLTECH.NS,1168.2,1121.47,1378.48,22.50%,2026-01-01,2026-01-15
2026-07-07 12:26:01,V20_Range_Breakout,ASTRAZEN.NS,8204.0,7793.36,9998.82,28.30%,2025-05-29,2025-06-05
