Timestamp,Strategy,Ticker,Live_Price,Buy_Floor,Exit_Ceiling,Move_Pct,Zone_Start,Zone_End
2026-07-03 10:50:56,KNOXVILLE,HDFCBANK.NS,801.0499877929688,680.8924896240234,841.1024871826172,-0.60%,2026-07-03,2026-07-03
2026-07-03 10:50:56,KNOXVILLE,PIDILITIND.NS,1598.0,1358.3,1677.9,-1.40%,2026-07-03,2026-07-03
2026-07-03 10:50:56,KNOXVILLE,TITAN.NS,4461.10009765625,3791.9350830078124,4684.155102539063,0.44%,2026-07-03,2026-07-03
2026-07-03 11:06:27,KNOXVILLE,TITAN.NS,4461.10009765625,3791.9350830078124,4684.155102539063,0.44%,2026-07-03,2026-07-03
2026-07-03 11:06:27,KNOXVILLE,HDFCBANK.NS,801.0499877929688,680.8924896240234,841.1024871826172,-0.60%,2026-07-03,2026-07-03
2026-07-03 11:06:27,KNOXVILLE,PIDILITIND.NS,1598.0,1358.3,1677.9,-1.40%,2026-07-03,2026-07-03
2026-07-03 12:08:01,KNOXVILLE,PIDILITIND.NS,1598.0,1358.3,1677.9,-1.40%,2026-07-03,2026-07-03
2026-07-03 12:08:01,KNOXVILLE,TITAN.NS,4461.10009765625,3791.9350830078124,4684.155102539063,0.44%,2026-07-03,2026-07-03
2026-07-03 12:08:01,KNOXVILLE,HDFCBANK.NS,801.0499877929688,680.8924896240234,841.1024871826172,-0.60%,2026-07-03,2026-07-03
2026-07-07 12:26:01,KNOXVILLE,HDFCBANK.NS,829.2999877929688,704.9049896240234,870.7649871826172,-0.26%,2026-07-07,2026-07-07
2026-07-07 12:26:01,KNOXVILLE,ICICIBANK.NS,1414.699951171875,1202.4949584960937,1485.4349487304687,-1.18%,2026-07-07,2026-07-07
2026-07-07 12:26:01,KNOXVILLE,BAJFINANCE.NS,1042.5,886.125,1094.625,0.22%,2026-07-07,2026-07-07
2026-07-07 12:26:01,KNOXVILLE,PIDILITIND.NS,1622.300048828125,1378.9550415039062,1703.4150512695314,0.10%,2026-07-07,2026-07-07
2026-07-07 12:26:01,KNOXVILLE,NESTLEIND.NS,1471.800048828125,1251.0300415039062,1545.3900512695313,0.55%,2026-07-07,2026-07-07
2026-07-10 12:23:59,KNOXVILLE,BAJAJFINSV.NS,1916.0,1628.6,2011.8000000000002,0.21%,2026-07-10,2026-07-10
2026-07-13 12:29:40,KNOXVILLE,PFIZER.NS,4736.2998046875,4025.854833984375,4973.114794921875,-0.24%,2026-07-13,2026-07-13
2026-07-14 11:24:26,KNOXVILLE,GLAXO.NS,2463.39990234375,2093.8899169921874,2586.5698974609377,-1.65%,2026-07-14,2026-07-14
2026-07-14 11:24:26,KNOXVILLE,ITC.NS,275.54998779296875,261.7724884033203,316.882485961914,-0.51%,2026-07-14,2026-07-14
2026-07-15 11:27:18,KNOXVILLE,PFIZER.NS,4704.5,3998.825,4939.725,-0.91%,2026-07-15,2026-07-15
2026-07-16 11:38:09,KNOXVILLE,LT.NS,3775.60009765625,3586.8200927734374,4341.940112304687,-0.08%,2026-07-16,2026-07-16
2026-07-17 11:19:59,KNOXVILLE,ICICIBANK.NS,1444.300048828125,1227.6550415039062,1516.5150512695313,0.79%,2026-07-17,2026-07-17
2026-07-17 11:19:59,KNOXVILLE,BAJFINANCE.NS,1056.300048828125,897.8550415039062,1109.1150512695312,0.32%,2026-07-17,2026-07-17
2026-07-17 11:19:59,KNOXVILLE,PGHH.NS,8720.5,8284.475,10028.574999999999,-2.67%,2026-07-17,2026-07-17
2026-07-20 12:14:48,KNOXVILLE,SBIN.NS,1060.0,901.0,1113.0,1.40%,2026-07-20,2026-07-20
2026-07-20 12:14:48,KNOXVILLE,PGHH.NS,8723.5,8287.324999999999,10032.025,-2.63%,2026-07-20,2026-07-20
2026-07-20 12:14:48,KNOXVILLE,BAJFINANCE.NS,1064.0,904.4,1117.2,1.05%,2026-07-20,2026-07-20
2026-07-20 12:14:48,KNOXVILLE,BAJAJ-AUTO.NS,10522.5,8944.125,11048.625,0.22%,2026-07-20,2026-07-20
2026-07-20 12:14:48,KNOXVILLE,ICICIBANK.NS,1460.199951171875,1241.1699584960936,1533.2099487304688,1.90%,2026-07-20,2026-07-20
2026-07-21 11:45:31,KNOXVILLE,BAJFINANCE.NS,1069.199951171875,908.8199584960937,1122.6599487304688,1.55%,2026-07-21,2026-07-21
2026-07-21 11:45:31,KNOXVILLE,SBIN.NS,1044.4000244140625,887.7400207519531,1096.6200256347656,-0.10%,2026-07-21,2026-07-21
2026-07-22 11:45:46,KNOXVILLE,ICICIPRULI.NS,499.5,474.525,574.425,0.98%,2026-07-22,2026-07-22
2026-07-22 11:45:46,KNOXVILLE,ICICIGI.NS,1583.5,1504.3249999999998,1821.0249999999999,-1.28%,2026-07-22,2026-07-22
2026-07-22 11:45:46,KNOXVILLE,PFIZER.NS,4644.60009765625,4412.370092773437,5341.290112304687,2.17%,2026-07-22,2026-07-22
2026-07-22 11:45:46,KNOXVILLE,PGHH.NS,8999.5,8549.525,10349.425,3.11%,2026-07-22,2026-07-22
2026-07-22 11:45:46,KNOXVILLE,GLAXO.NS,2552.800048828125,2169.8800415039063,2680.4400512695315,1.62%,2026-07-22,2026-07-22
2026-07-22 11:45:46,KNOXVILLE,SANOFI.NS,3409.39990234375,2897.9899169921873,3579.869897460938,-0.34%,2026-07-22,2026-07-22
2026-07-22 11:45:46,KNOXVILLE,BAJAJFINSV.NS,1876.4000244140625,1594.9400207519532,1970.2200256347658,-0.76%,2026-07-22,2026-07-22
2026-07-22 11:45:46,KNOXVILLE,HCLTECH.NS,1237.300048828125,1051.7050415039062,1299.1650512695312,-0.27%,2026-07-22,2026-07-22
2026-07-22 11:45:46,KNOXVILLE,SBIN.NS,1025.0,871.25,1076.25,-1.06%,2026-07-22,2026-07-22
2026-07-22 11:45:46,KNOXVILLE,PIDILITIND.NS,1608.5999755859375,1367.3099792480468,1689.0299743652345,-0.32%,2026-07-22,2026-07-22
2026-07-22 11:45:46,KNOXVILLE,INFY.NS,1052.0999755859375,999.4949768066406,1209.914971923828,-2.39%,2026-07-22,2026-07-22
2026-07-22 11:45:46,KNOXVILLE,KOTAKBANK.NS,381.1499938964844,323.9774948120117,400.2074935913086,-1.50%,2026-07-22,2026-07-22
2026-07-22 11:45:46,KNOXVILLE,BATAINDIA.NS,694.4000244140625,659.6800231933594,798.5600280761718,0.04%,2026-07-22,2026-07-22
2026-07-22 11:45:46,KNOXVILLE,MARICO.NS,862.6500244140625,733.252520751953,905.7825256347656,0.04%,2026-07-22,2026-07-22
2026-07-22 11:45:46,KNOXVILLE,ITC.NS,280.79998779296875,238.67998962402342,294.8399871826172,-0.25%,2026-07-22,2026-07-22
2026-07-22 11:45:46,KNOXVILLE,NAM-INDIA.NS,1147.9000244140625,975.7150207519531,1205.2950256347656,0.78%,2026-07-22,2026-07-22
2026-07-22 11:45:46,KNOXVILLE,BAJFINANCE.NS,1060.300048828125,901.2550415039062,1113.3150512695313,-0.69%,2026-07-22,2026-07-22
2026-07-22 11:45:46,KNOXVILLE,TITAN.NS,4711.60009765625,4004.8600830078126,4947.180102539062,2.36%,2026-07-22,2026-07-22
2026-07-22 11:45:46,KNOXVILLE,ICICIBANK.NS,1440.699951171875,1224.5949584960938,1512.734948730469,-0.99%,2026-07-22,2026-07-22
2026-07-23 11:49:14,KNOXVILLE,HDFCLIFE.NS,550.9500122070312,523.4025115966797,633.5925140380859,0.14%,2026-07-23,2026-07-23
2026-07-23 11:49:14,KNOXVILLE,NESTLEIND.NS,1447.9000244140625,1230.715020751953,1520.2950256347656,-1.13%,2026-07-23,2026-07-23
2026-07-23 11:49:14,KNOXVILLE,INFY.NS,1047.4000244140625,995.0300231933593,1204.5100280761717,0.11%,2026-07-23,2026-07-23
2026-07-23 11:49:14,KNOXVILLE,PFIZER.NS,4652.39990234375,4419.7799072265625,5350.2598876953125,0.92%,2026-07-23,2026-07-23
2026-07-23 11:49:14,KNOXVILLE,BAJFINANCE.NS,1039.800048828125,883.8300415039063,1091.7900512695312,-1.77%,2026-07-23,2026-07-23
2026-07-23 11:49:14,KNOXVILLE,ICICIBANK.NS,1434.5999755859375,1219.4099792480467,1506.3299743652344,0.77%,2026-07-23,2026-07-23
2026-07-23 11:49:14,KNOXVILLE,TITAN.NS,4697.2998046875,3992.704833984375,4932.164794921875,0.37%,2026-07-23,2026-07-23
2026-07-23 11:49:14,KNOXVILLE,KOTAKBANK.NS,383.3500061035156,325.84750518798825,402.5175064086914,-0.10%,2026-07-23,2026-07-23
2026-07-23 11:49:14,KNOXVILLE,SANOFI.NS,3394.300048828125,2885.155041503906,3564.0150512695313,-0.79%,2026-07-23,2026-07-23
2026-07-23 11:49:14,KNOXVILLE,GLAXO.NS,2495.0,2120.75,2619.75,-2.65%,2026-07-23,2026-07-23
2026-07-23 11:49:14,KNOXVILLE,PAGEIND.NS,40270.0,34229.5,42283.5,-0.14%,2026-07-23,2026-07-23
2026-07-23 11:49:14,KNOXVILLE,PGHH.NS,8984.0,8534.8,10331.599999999999,0.49%,2026-07-23,2026-07-23
2026-07-23 11:49:14,KNOXVILLE,ITC.NS,281.29998779296875,239.10498962402343,295.3649871826172,-0.85%,2026-07-23,2026-07-23
2026-07-23 11:49:14,KNOXVILLE,BATAINDIA.NS,676.25,642.4375,777.6874999999999,0.54%,2026-07-23,2026-07-23
2026-07-23 11:49:14,KNOXVILLE,LT.NS,3792.39990234375,3223.5399169921875,3982.0198974609375,-0.25%,2026-07-23,2026-07-23
2026-07-23 11:49:14,KNOXVILLE,ICICIPRULI.NS,501.5,476.42499999999995,576.7249999999999,1.38%,2026-07-23,2026-07-23
2026-07-23 11:49:14,KNOXVILLE,VOLTAS.NS,1310.199951171875,1244.6899536132812,1506.7299438476562,0.78%,2026-07-23,2026-07-23
2026-07-23 11:49:14,KNOXVILLE,ABBOTINDIA.NS,28690.0,24386.5,30124.5,-0.50%,2026-07-23,2026-07-23
2026-07-23 11:49:14,KNOXVILLE,BAJAJFINSV.NS,1889.4000244140625,1605.9900207519531,1983.8700256347656,-0.07%,2026-07-23,2026-07-23
2026-07-23 11:49:14,KNOXVILLE,ICICIGI.NS,1619.0,1538.05,1861.85,2.83%,2026-07-23,2026-07-23
2026-07-23 11:49:14,KNOXVILLE,PIDILITIND.NS,1564.199951171875,1329.5699584960937,1642.4099487304688,-1.60%,2026-07-23,2026-07-23
2026-07-23 11:49:14,KNOXVILLE,MARICO.NS,853.2000122070312,725.2200103759766,895.8600128173829,-1.48%,2026-07-23,2026-07-23
2026-07-24 11:40:05,KNOXVILLE,MARUTI.NS,13442.0,12769.9,15458.3,0.52%,2026-07-24,2026-07-24
2026-07-24 11:40:05,KNOXVILLE,VOLTAS.NS,1327.300048828125,1260.9350463867188,1526.3950561523436,2.61%,2026-07-24,2026-07-24
2026-07-24 11:40:05,KNOXVILLE,MARICO.NS,855.5999755859375,727.2599792480469,898.3799743652344,-0.18%,2026-07-24,2026-07-24
2026-07-24 11:40:05,KNOXVILLE,PFIZER.NS,4623.60009765625,4392.420092773437,5317.140112304687,0.29%,2026-07-24,2026-07-24
2026-07-24 11:40:05,KNOXVILLE,BATAINDIA.NS,689.9500122070312,655.4525115966796,793.4425140380858,2.75%,2026-07-24,2026-07-24
2026-07-24 11:40:05,KNOXVILLE,ICICIPRULI.NS,500.54998779296875,475.52248840332027,575.632485961914,-0.17%,2026-07-24,2026-07-24
2026-07-24 11:40:05,KNOXVILLE,BAJFINANCE.NS,1012.7999877929688,860.8799896240234,1063.4399871826172,-0.90%,2026-07-24,2026-07-24
2026-07-24 11:40:05,KNOXVILLE,BAJAJFINSV.NS,1876.699951171875,1595.1949584960937,1970.5349487304688,-0.75%,2026-07-24,2026-07-24
2026-07-24 11:40:05,KNOXVILLE,TCS.NS,2254.300048828125,1916.1550415039062,2367.0150512695313,-0.25%,2026-07-24,2026-07-24
2026-07-24 11:40:05,KNOXVILLE,PAGEIND.NS,40275.0,34233.75,42288.75,-0.12%,2026-07-24,2026-07-24
2026-07-24 11:40:05,KNOXVILLE,PIDILITIND.NS,1570.9000244140625,1335.265020751953,1649.4450256347657,0.34%,2026-07-24,2026-07-24
2026-07-24 11:40:05,KNOXVILLE,SANOFI.NS,3388.89990234375,2880.5649169921876,3558.344897460938,-0.94%,2026-07-24,2026-07-24
2026-07-24 11:40:05,KNOXVILLE,PGHH.NS,8974.5,8525.775,10320.675,0.39%,2026-07-24,2026-07-24
2026-07-24 11:40:05,KNOXVILLE,KOTAKBANK.NS,384.75,365.5125,442.4625,1.56%,2026-07-24,2026-07-24
2026-07-24 11:40:05,KNOXVILLE,ICICIGI.NS,1661.800048828125,1578.7100463867187,1911.0700561523436,3.26%,2026-07-24,2026-07-24
2026-07-24 11:40:05,KNOXVILLE,ASIANPAINT.NS,2637.89990234375,2506.0049072265624,3033.5848876953123,-1.02%,2026-07-24,2026-07-24
2026-07-24 11:40:05,KNOXVILLE,DABUR.NS,423.20001220703125,402.0400115966797,486.6800140380859,0.64%,2026-07-24,2026-07-24
2026-07-24 11:40:05,KNOXVILLE,ITC.NS,283.45001220703125,269.2775115966797,325.96751403808594,1.36%,2026-07-24,2026-07-24
2026-07-24 11:40:05,KNOXVILLE,GLAXO.NS,2514.300048828125,2137.155041503906,2640.0150512695313,0.09%,2026-07-24,2026-07-24
2026-07-24 11:40:05,KNOXVILLE,INFY.NS,1040.9000244140625,988.8550231933593,1197.0350280761718,-0.51%,2026-07-24,2026-07-24
2026-07-24 11:40:05,KNOXVILLE,TITAN.NS,4677.0,3975.45,4910.85,1.61%,2026-07-24,2026-07-24
2026-07-24 11:40:05,KNOXVILLE,LT.NS,3785.60009765625,3217.760083007812,3974.8801025390626,-0.43%,2026-07-24,2026-07-24
2026-07-24 11:40:05,KNOXVILLE,ICICIBANK.NS,1432.9000244140625,1217.965020751953,1504.5450256347656,0.65%,2026-07-24,2026-07-24
2026-07-24 11:40:05,KNOXVILLE,HDFCLIFE.NS,555.0499877929688,527.2974884033202,638.307485961914,1.34%,2026-07-24,2026-07-24
2026-07-24 11:40:05,KNOXVILLE,NESTLEIND.NS,1443.5,1226.975,1515.675,-1.43%,2026-07-24,2026-07-24
2026-07-24 11:40:05,KNOXVILLE,AXISBANK.NS,1227.300048828125,1165.9350463867188,1411.3950561523436,0.66%,2026-07-24,2026-07-24
2026-07-27 12:54:04,KNOXVILLE,BAJFINANCE.NS,1048.300048828125,891.0550415039062,1100.7150512695314,0.57%,2026-07-27,2026-07-27
2026-07-27 12:54:04,KNOXVILLE,AXISBANK.NS,1227.5,1166.125,1411.625,-0.24%,2026-07-27,2026-07-27
2026-07-27 12:54:04,KNOXVILLE,NESTLEIND.NS,1446.0999755859375,1229.1849792480468,1518.4049743652345,-0.73%,2026-07-27,2026-07-27
2026-07-27 12:54:04,KNOXVILLE,HDFCLIFE.NS,552.8499755859375,525.2074768066406,635.7774719238281,-0.83%,2026-07-27,2026-07-27
2026-07-27 12:54:04,KNOXVILLE,PAGEIND.NS,39970.0,33974.5,41968.5,-0.88%,2026-07-27,2026-07-27
2026-07-27 12:54:04,KNOXVILLE,TITAN.NS,4740.10009765625,4029.0850830078125,4977.1051025390625,1.29%,2026-07-27,2026-07-27
2026-07-27 12:54:04,KNOXVILLE,PIDILITIND.NS,1611.300048828125,1369.6050415039062,1691.8650512695312,0.45%,2026-07-27,2026-07-27
2026-07-27 12:54:04,KNOXVILLE,ASIANPAINT.NS,2710.199951171875,2574.689953613281,3116.729943847656,1.67%,2026-07-27,2026-07-27
2026-07-27 12:54:04,KNOXVILLE,MARUTI.NS,13730.0,13043.5,15789.499999999998,1.07%,2026-07-27,2026-07-27
2026-07-27 12:54:04,KNOXVILLE,ABBOTINDIA.NS,27800.0,26410.0,31969.999999999996,-0.02%,2026-07-27,2026-07-27
2026-07-27 12:54:04,KNOXVILLE,SANOFI.NS,3368.800048828125,2863.4800415039062,3537.2400512695312,-1.75%,2026-07-27,2026-07-27
2026-07-27 12:54:04,KNOXVILLE,LT.NS,3806.0,3615.7,4376.9,-0.01%,2026-07-27,2026-07-27
2026-07-27 12:54:04,KNOXVILLE,INFY.NS,1079.199951171875,1025.2399536132812,1241.079943847656,-0.37%,2026-07-27,2026-07-27
2026-07-27 12:54:04,KNOXVILLE,VOLTAS.NS,1319.300048828125,1253.3350463867187,1517.1950561523436,-0.57%,2026-07-27,2026-07-27
2026-07-27 12:54:04,KNOXVILLE,BATAINDIA.NS,699.6500244140625,664.6675231933593,804.5975280761718,1.18%,2026-07-27,2026-07-27
2026-07-27 12:54:04,KNOXVILLE,ICICIBANK.NS,1445.699951171875,1228.8449584960938,1517.984948730469,1.55%,2026-07-27,2026-07-27
2026-07-27 12:54:04,KNOXVILLE,MARICO.NS,858.6500244140625,729.8525207519531,901.5825256347657,0.08%,2026-07-27,2026-07-27
2026-07-27 12:54:04,KNOXVILLE,GLAXO.NS,2551.199951171875,2168.5199584960938,2678.7599487304688,1.56%,2026-07-27,2026-07-27
2026-07-27 12:54:04,KNOXVILLE,BAJAJFINSV.NS,1913.0,1626.05,2008.65,0.05%,2026-07-27,2026-07-27
2026-07-27 12:54:04,KNOXVILLE,DABUR.NS,427.3500061035156,405.98250579833984,491.4525070190429,0.66%,2026-07-27,2026-07-27
